USE [customertrackerdata]
GO
/****** Object:  Table [dbo].[Cities]    Script Date: 06/01/2014 02:12:01 ******/

			INSERT INTO ROLES (RoleName,IsActive,IsDeleted) VALUES('Admin',1,0)
            INSERT INTO ROLES (RoleName,IsActive,IsDeleted) VALUES('Personel',1,0)
            INSERT INTO ROLES (RoleName,IsActive,IsDeleted) VALUES('Customer',1,0)

			
SET IDENTITY_INSERT [dbo].[RemoteMachineConnectionTypes] ON
INSERT [dbo].[RemoteMachineConnectionTypes] ([Id], [Name], [AvatarImageUrl], [CreationDate], [CreationPersonelId], [UpdatedDate], [UpdatedPersonelId], [IsActive], [IsDeleted]) VALUES (1, N'Teamviewer', NULL, NULL, NULL, NULL, NULL, 1, 0)
INSERT [dbo].[RemoteMachineConnectionTypes] ([Id], [Name], [AvatarImageUrl], [CreationDate], [CreationPersonelId], [UpdatedDate], [UpdatedPersonelId], [IsActive], [IsDeleted]) VALUES (2, N'Remote Desktop', NULL,NULL, NULL, NULL, NULL, 1, 0)
INSERT [dbo].[RemoteMachineConnectionTypes] ([Id], [Name], [AvatarImageUrl], [CreationDate], [CreationPersonelId], [UpdatedDate], [UpdatedPersonelId], [IsActive], [IsDeleted]) VALUES (3, N'Vpn', NULL, NULL, NULL, NULL, NULL, 1, 0)
INSERT [dbo].[RemoteMachineConnectionTypes] ([Id], [Name], [AvatarImageUrl], [CreationDate], [CreationPersonelId], [UpdatedDate], [UpdatedPersonelId], [IsActive], [IsDeleted]) VALUES (4, N'Ammyy', NULL, NULL, NULL, NULL, NULL, 1, 0)
SET IDENTITY_INSERT [dbo].[RemoteMachineConnectionTypes] OFF


SET IDENTITY_INSERT [dbo].[Cities] ON
INSERT [dbo].[Cities] ([Id], [Name], [Code], [CreationDate], [CreationPersonelId], [UpdatedDate], [UpdatedPersonelId], [IsActive], [IsDeleted]) VALUES (1, N'Adana', NULL, NULL, NULL, NULL, NULL, 1, 0)
INSERT [dbo].[Cities] ([Id], [Name], [Code], [CreationDate], [CreationPersonelId], [UpdatedDate], [UpdatedPersonelId], [IsActive], [IsDeleted]) VALUES (2, N'Adýyaman', NULL, NULL, NULL, NULL, NULL, 1, 0)
INSERT [dbo].[Cities] ([Id], [Name], [Code], [CreationDate], [CreationPersonelId], [UpdatedDate], [UpdatedPersonelId], [IsActive], [IsDeleted]) VALUES (3, N'Afyon', NULL, NULL, NULL, NULL, NULL, 1, 0)
INSERT [dbo].[Cities] ([Id], [Name], [Code], [CreationDate], [CreationPersonelId], [UpdatedDate], [UpdatedPersonelId], [IsActive], [IsDeleted]) VALUES (4, N'Aðrý', NULL, NULL, NULL, NULL, NULL, 1, 0)
INSERT [dbo].[Cities] ([Id], [Name], [Code], [CreationDate], [CreationPersonelId], [UpdatedDate], [UpdatedPersonelId], [IsActive], [IsDeleted]) VALUES (5, N'Amasya', NULL, NULL, NULL, NULL, NULL, 1, 0)
INSERT [dbo].[Cities] ([Id], [Name], [Code], [CreationDate], [CreationPersonelId], [UpdatedDate], [UpdatedPersonelId], [IsActive], [IsDeleted]) VALUES (6, N'Ankara', NULL, NULL, NULL, NULL, NULL, 1, 0)
INSERT [dbo].[Cities] ([Id], [Name], [Code], [CreationDate], [CreationPersonelId], [UpdatedDate], [UpdatedPersonelId], [IsActive], [IsDeleted]) VALUES (7, N'Antalya', NULL, NULL, NULL, NULL, NULL, 1, 0)
INSERT [dbo].[Cities] ([Id], [Name], [Code], [CreationDate], [CreationPersonelId], [UpdatedDate], [UpdatedPersonelId], [IsActive], [IsDeleted]) VALUES (8, N'Artvin', NULL, NULL, NULL, NULL, NULL, 1, 0)
INSERT [dbo].[Cities] ([Id], [Name], [Code], [CreationDate], [CreationPersonelId], [UpdatedDate], [UpdatedPersonelId], [IsActive], [IsDeleted]) VALUES (9, N'Aydýn', NULL, NULL, NULL, NULL, NULL, 1, 0)
INSERT [dbo].[Cities] ([Id], [Name], [Code], [CreationDate], [CreationPersonelId], [UpdatedDate], [UpdatedPersonelId], [IsActive], [IsDeleted]) VALUES (10, N'Balýkesir', NULL, NULL, NULL, NULL, NULL, 1, 0)
INSERT [dbo].[Cities] ([Id], [Name], [Code], [CreationDate], [CreationPersonelId], [UpdatedDate], [UpdatedPersonelId], [IsActive], [IsDeleted]) VALUES (11, N'Bilecik', NULL, NULL, NULL, NULL, NULL, 1, 0)
INSERT [dbo].[Cities] ([Id], [Name], [Code], [CreationDate], [CreationPersonelId], [UpdatedDate], [UpdatedPersonelId], [IsActive], [IsDeleted]) VALUES (12, N'Bingöl', NULL, NULL, NULL, NULL, NULL, 1, 0)
INSERT [dbo].[Cities] ([Id], [Name], [Code], [CreationDate], [CreationPersonelId], [UpdatedDate], [UpdatedPersonelId], [IsActive], [IsDeleted]) VALUES (13, N'Bitlis', NULL, NULL, NULL, NULL, NULL, 1, 0)
INSERT [dbo].[Cities] ([Id], [Name], [Code], [CreationDate], [CreationPersonelId], [UpdatedDate], [UpdatedPersonelId], [IsActive], [IsDeleted]) VALUES (14, N'Bolu', NULL, NULL, NULL, NULL, NULL, 1, 0)
INSERT [dbo].[Cities] ([Id], [Name], [Code], [CreationDate], [CreationPersonelId], [UpdatedDate], [UpdatedPersonelId], [IsActive], [IsDeleted]) VALUES (15, N'Burdur', NULL, NULL, NULL, NULL, NULL, 1, 0)
INSERT [dbo].[Cities] ([Id], [Name], [Code], [CreationDate], [CreationPersonelId], [UpdatedDate], [UpdatedPersonelId], [IsActive], [IsDeleted]) VALUES (16, N'Bursa', NULL, NULL, NULL, NULL, NULL, 1, 0)
INSERT [dbo].[Cities] ([Id], [Name], [Code], [CreationDate], [CreationPersonelId], [UpdatedDate], [UpdatedPersonelId], [IsActive], [IsDeleted]) VALUES (17, N'Çanakkale', NULL, NULL, NULL, NULL, NULL, 1, 0)
INSERT [dbo].[Cities] ([Id], [Name], [Code], [CreationDate], [CreationPersonelId], [UpdatedDate], [UpdatedPersonelId], [IsActive], [IsDeleted]) VALUES (18, N'Çankýrý', NULL, NULL, NULL, NULL, NULL, 1, 0)
INSERT [dbo].[Cities] ([Id], [Name], [Code], [CreationDate], [CreationPersonelId], [UpdatedDate], [UpdatedPersonelId], [IsActive], [IsDeleted]) VALUES (19, N'Çorum', NULL, NULL, NULL, NULL, NULL, 1, 0)
INSERT [dbo].[Cities] ([Id], [Name], [Code], [CreationDate], [CreationPersonelId], [UpdatedDate], [UpdatedPersonelId], [IsActive], [IsDeleted]) VALUES (20, N'Denizli', NULL, NULL, NULL, NULL, NULL, 1, 0)
INSERT [dbo].[Cities] ([Id], [Name], [Code], [CreationDate], [CreationPersonelId], [UpdatedDate], [UpdatedPersonelId], [IsActive], [IsDeleted]) VALUES (21, N'Diyarbakýr', NULL, NULL, NULL, NULL, NULL, 1, 0)
INSERT [dbo].[Cities] ([Id], [Name], [Code], [CreationDate], [CreationPersonelId], [UpdatedDate], [UpdatedPersonelId], [IsActive], [IsDeleted]) VALUES (22, N'Edirne', NULL, NULL, NULL, NULL, NULL, 1, 0)
INSERT [dbo].[Cities] ([Id], [Name], [Code], [CreationDate], [CreationPersonelId], [UpdatedDate], [UpdatedPersonelId], [IsActive], [IsDeleted]) VALUES (23, N'Elazýð', NULL, NULL, NULL, NULL, NULL, 1, 0)
INSERT [dbo].[Cities] ([Id], [Name], [Code], [CreationDate], [CreationPersonelId], [UpdatedDate], [UpdatedPersonelId], [IsActive], [IsDeleted]) VALUES (24, N'Erzincan', NULL, NULL, NULL, NULL, NULL, 1, 0)
INSERT [dbo].[Cities] ([Id], [Name], [Code], [CreationDate], [CreationPersonelId], [UpdatedDate], [UpdatedPersonelId], [IsActive], [IsDeleted]) VALUES (25, N'Erzurum', NULL, NULL, NULL, NULL, NULL, 1, 0)
INSERT [dbo].[Cities] ([Id], [Name], [Code], [CreationDate], [CreationPersonelId], [UpdatedDate], [UpdatedPersonelId], [IsActive], [IsDeleted]) VALUES (26, N'Eskiþehir', NULL, NULL, NULL, NULL, NULL, 1, 0)
INSERT [dbo].[Cities] ([Id], [Name], [Code], [CreationDate], [CreationPersonelId], [UpdatedDate], [UpdatedPersonelId], [IsActive], [IsDeleted]) VALUES (27, N'Gaziantep', NULL, NULL, NULL, NULL, NULL, 1, 0)
INSERT [dbo].[Cities] ([Id], [Name], [Code], [CreationDate], [CreationPersonelId], [UpdatedDate], [UpdatedPersonelId], [IsActive], [IsDeleted]) VALUES (28, N'Giresun', NULL, NULL, NULL, NULL, NULL, 1, 0)
INSERT [dbo].[Cities] ([Id], [Name], [Code], [CreationDate], [CreationPersonelId], [UpdatedDate], [UpdatedPersonelId], [IsActive], [IsDeleted]) VALUES (29, N'Gümüþhane', NULL, NULL, NULL, NULL, NULL, 1, 0)
INSERT [dbo].[Cities] ([Id], [Name], [Code], [CreationDate], [CreationPersonelId], [UpdatedDate], [UpdatedPersonelId], [IsActive], [IsDeleted]) VALUES (30, N'Hakkari', NULL, NULL, NULL, NULL, NULL, 1, 0)
INSERT [dbo].[Cities] ([Id], [Name], [Code], [CreationDate], [CreationPersonelId], [UpdatedDate], [UpdatedPersonelId], [IsActive], [IsDeleted]) VALUES (31, N'Hatay', NULL, NULL, NULL, NULL, NULL, 1, 0)
INSERT [dbo].[Cities] ([Id], [Name], [Code], [CreationDate], [CreationPersonelId], [UpdatedDate], [UpdatedPersonelId], [IsActive], [IsDeleted]) VALUES (32, N'Isparta', NULL, NULL, NULL, NULL, NULL, 1, 0)
INSERT [dbo].[Cities] ([Id], [Name], [Code], [CreationDate], [CreationPersonelId], [UpdatedDate], [UpdatedPersonelId], [IsActive], [IsDeleted]) VALUES (33, N'Mersin', NULL, NULL, NULL, NULL, NULL, 1, 0)
INSERT [dbo].[Cities] ([Id], [Name], [Code], [CreationDate], [CreationPersonelId], [UpdatedDate], [UpdatedPersonelId], [IsActive], [IsDeleted]) VALUES (34, N'Ýstanbul', NULL, NULL, NULL, NULL, NULL, 1, 0)
INSERT [dbo].[Cities] ([Id], [Name], [Code], [CreationDate], [CreationPersonelId], [UpdatedDate], [UpdatedPersonelId], [IsActive], [IsDeleted]) VALUES (35, N'Ýzmir', NULL, NULL, NULL, NULL, NULL, 1, 0)
INSERT [dbo].[Cities] ([Id], [Name], [Code], [CreationDate], [CreationPersonelId], [UpdatedDate], [UpdatedPersonelId], [IsActive], [IsDeleted]) VALUES (36, N'Kars', NULL, NULL, NULL, NULL, NULL, 1, 0)
INSERT [dbo].[Cities] ([Id], [Name], [Code], [CreationDate], [CreationPersonelId], [UpdatedDate], [UpdatedPersonelId], [IsActive], [IsDeleted]) VALUES (37, N'Kastamonu', NULL, NULL, NULL, NULL, NULL, 1, 0)
INSERT [dbo].[Cities] ([Id], [Name], [Code], [CreationDate], [CreationPersonelId], [UpdatedDate], [UpdatedPersonelId], [IsActive], [IsDeleted]) VALUES (38, N'Kayseri', NULL, NULL, NULL, NULL, NULL, 1, 0)
INSERT [dbo].[Cities] ([Id], [Name], [Code], [CreationDate], [CreationPersonelId], [UpdatedDate], [UpdatedPersonelId], [IsActive], [IsDeleted]) VALUES (39, N'Kýrklareli', NULL, NULL, NULL, NULL, NULL, 1, 0)
INSERT [dbo].[Cities] ([Id], [Name], [Code], [CreationDate], [CreationPersonelId], [UpdatedDate], [UpdatedPersonelId], [IsActive], [IsDeleted]) VALUES (40, N'Kýrþehir', NULL, NULL, NULL, NULL, NULL, 1, 0)
INSERT [dbo].[Cities] ([Id], [Name], [Code], [CreationDate], [CreationPersonelId], [UpdatedDate], [UpdatedPersonelId], [IsActive], [IsDeleted]) VALUES (41, N'Kocaeli', NULL, NULL, NULL, NULL, NULL, 1, 0)
INSERT [dbo].[Cities] ([Id], [Name], [Code], [CreationDate], [CreationPersonelId], [UpdatedDate], [UpdatedPersonelId], [IsActive], [IsDeleted]) VALUES (42, N'Konya', NULL, NULL, NULL, NULL, NULL, 1, 0)
INSERT [dbo].[Cities] ([Id], [Name], [Code], [CreationDate], [CreationPersonelId], [UpdatedDate], [UpdatedPersonelId], [IsActive], [IsDeleted]) VALUES (43, N'Kütahya', NULL, NULL, NULL, NULL, NULL, 1, 0)
INSERT [dbo].[Cities] ([Id], [Name], [Code], [CreationDate], [CreationPersonelId], [UpdatedDate], [UpdatedPersonelId], [IsActive], [IsDeleted]) VALUES (44, N'Malatya', NULL, NULL, NULL, NULL, NULL, 1, 0)
INSERT [dbo].[Cities] ([Id], [Name], [Code], [CreationDate], [CreationPersonelId], [UpdatedDate], [UpdatedPersonelId], [IsActive], [IsDeleted]) VALUES (45, N'Manisa', NULL, NULL, NULL, NULL, NULL, 1, 0)
INSERT [dbo].[Cities] ([Id], [Name], [Code], [CreationDate], [CreationPersonelId], [UpdatedDate], [UpdatedPersonelId], [IsActive], [IsDeleted]) VALUES (46, N'K.Maraþ', NULL, NULL, NULL, NULL, NULL, 1, 0)
INSERT [dbo].[Cities] ([Id], [Name], [Code], [CreationDate], [CreationPersonelId], [UpdatedDate], [UpdatedPersonelId], [IsActive], [IsDeleted]) VALUES (47, N'Mardin', NULL, NULL, NULL, NULL, NULL, 1, 0)
INSERT [dbo].[Cities] ([Id], [Name], [Code], [CreationDate], [CreationPersonelId], [UpdatedDate], [UpdatedPersonelId], [IsActive], [IsDeleted]) VALUES (48, N'Muðla', NULL, NULL, NULL, NULL, NULL, 1, 0)
INSERT [dbo].[Cities] ([Id], [Name], [Code], [CreationDate], [CreationPersonelId], [UpdatedDate], [UpdatedPersonelId], [IsActive], [IsDeleted]) VALUES (49, N'Muþ', NULL, NULL, NULL, NULL, NULL, 1, 0)
INSERT [dbo].[Cities] ([Id], [Name], [Code], [CreationDate], [CreationPersonelId], [UpdatedDate], [UpdatedPersonelId], [IsActive], [IsDeleted]) VALUES (50, N'Nevþehir', NULL, NULL, NULL, NULL, NULL, 1, 0)
INSERT [dbo].[Cities] ([Id], [Name], [Code], [CreationDate], [CreationPersonelId], [UpdatedDate], [UpdatedPersonelId], [IsActive], [IsDeleted]) VALUES (51, N'Niðde', NULL, NULL, NULL, NULL, NULL, 1, 0)
INSERT [dbo].[Cities] ([Id], [Name], [Code], [CreationDate], [CreationPersonelId], [UpdatedDate], [UpdatedPersonelId], [IsActive], [IsDeleted]) VALUES (52, N'Ordu', NULL, NULL, NULL, NULL, NULL, 1, 0)
INSERT [dbo].[Cities] ([Id], [Name], [Code], [CreationDate], [CreationPersonelId], [UpdatedDate], [UpdatedPersonelId], [IsActive], [IsDeleted]) VALUES (53, N'Rize', NULL, NULL, NULL, NULL, NULL, 1, 0)
INSERT [dbo].[Cities] ([Id], [Name], [Code], [CreationDate], [CreationPersonelId], [UpdatedDate], [UpdatedPersonelId], [IsActive], [IsDeleted]) VALUES (54, N'Sakarya', NULL, NULL, NULL, NULL, NULL, 1, 0)
INSERT [dbo].[Cities] ([Id], [Name], [Code], [CreationDate], [CreationPersonelId], [UpdatedDate], [UpdatedPersonelId], [IsActive], [IsDeleted]) VALUES (55, N'Samsun', NULL, NULL, NULL, NULL, NULL, 1, 0)
INSERT [dbo].[Cities] ([Id], [Name], [Code], [CreationDate], [CreationPersonelId], [UpdatedDate], [UpdatedPersonelId], [IsActive], [IsDeleted]) VALUES (56, N'Siirt', NULL, NULL, NULL, NULL, NULL, 1, 0)
INSERT [dbo].[Cities] ([Id], [Name], [Code], [CreationDate], [CreationPersonelId], [UpdatedDate], [UpdatedPersonelId], [IsActive], [IsDeleted]) VALUES (57, N'Sinop', NULL, NULL, NULL, NULL, NULL, 1, 0)
INSERT [dbo].[Cities] ([Id], [Name], [Code], [CreationDate], [CreationPersonelId], [UpdatedDate], [UpdatedPersonelId], [IsActive], [IsDeleted]) VALUES (58, N'Sivas', NULL, NULL, NULL, NULL, NULL, 1, 0)
INSERT [dbo].[Cities] ([Id], [Name], [Code], [CreationDate], [CreationPersonelId], [UpdatedDate], [UpdatedPersonelId], [IsActive], [IsDeleted]) VALUES (59, N'Tekirdað', NULL, NULL, NULL, NULL, NULL, 1, 0)
INSERT [dbo].[Cities] ([Id], [Name], [Code], [CreationDate], [CreationPersonelId], [UpdatedDate], [UpdatedPersonelId], [IsActive], [IsDeleted]) VALUES (60, N'Tokat', NULL, NULL, NULL, NULL, NULL, 1, 0)
INSERT [dbo].[Cities] ([Id], [Name], [Code], [CreationDate], [CreationPersonelId], [UpdatedDate], [UpdatedPersonelId], [IsActive], [IsDeleted]) VALUES (61, N'Trabzon', NULL, NULL, NULL, NULL, NULL, 1, 0)
INSERT [dbo].[Cities] ([Id], [Name], [Code], [CreationDate], [CreationPersonelId], [UpdatedDate], [UpdatedPersonelId], [IsActive], [IsDeleted]) VALUES (62, N'Tunceli', NULL, NULL, NULL, NULL, NULL, 1, 0)
INSERT [dbo].[Cities] ([Id], [Name], [Code], [CreationDate], [CreationPersonelId], [UpdatedDate], [UpdatedPersonelId], [IsActive], [IsDeleted]) VALUES (63, N'Þ.Urfa', NULL, NULL, NULL, NULL, NULL, 1, 0)
INSERT [dbo].[Cities] ([Id], [Name], [Code], [CreationDate], [CreationPersonelId], [UpdatedDate], [UpdatedPersonelId], [IsActive], [IsDeleted]) VALUES (64, N'Uþak', NULL, NULL, NULL, NULL, NULL, 1, 0)
INSERT [dbo].[Cities] ([Id], [Name], [Code], [CreationDate], [CreationPersonelId], [UpdatedDate], [UpdatedPersonelId], [IsActive], [IsDeleted]) VALUES (65, N'Van', NULL, NULL, NULL, NULL, NULL, 1, 0)
INSERT [dbo].[Cities] ([Id], [Name], [Code], [CreationDate], [CreationPersonelId], [UpdatedDate], [UpdatedPersonelId], [IsActive], [IsDeleted]) VALUES (66, N'Yozgat', NULL, NULL, NULL, NULL, NULL, 1, 0)
INSERT [dbo].[Cities] ([Id], [Name], [Code], [CreationDate], [CreationPersonelId], [UpdatedDate], [UpdatedPersonelId], [IsActive], [IsDeleted]) VALUES (67, N'Zonguldak', NULL, NULL, NULL, NULL, NULL, 1, 0)
INSERT [dbo].[Cities] ([Id], [Name], [Code], [CreationDate], [CreationPersonelId], [UpdatedDate], [UpdatedPersonelId], [IsActive], [IsDeleted]) VALUES (68, N'Aksaray', NULL, NULL, NULL, NULL, NULL, 1, 0)
INSERT [dbo].[Cities] ([Id], [Name], [Code], [CreationDate], [CreationPersonelId], [UpdatedDate], [UpdatedPersonelId], [IsActive], [IsDeleted]) VALUES (69, N'Bayburt', NULL, NULL, NULL, NULL, NULL, 1, 0)
INSERT [dbo].[Cities] ([Id], [Name], [Code], [CreationDate], [CreationPersonelId], [UpdatedDate], [UpdatedPersonelId], [IsActive], [IsDeleted]) VALUES (70, N'Karaman', NULL, NULL, NULL, NULL, NULL, 1, 0)
INSERT [dbo].[Cities] ([Id], [Name], [Code], [CreationDate], [CreationPersonelId], [UpdatedDate], [UpdatedPersonelId], [IsActive], [IsDeleted]) VALUES (71, N'Kýrýkkale', NULL, NULL, NULL, NULL, NULL, 1, 0)
INSERT [dbo].[Cities] ([Id], [Name], [Code], [CreationDate], [CreationPersonelId], [UpdatedDate], [UpdatedPersonelId], [IsActive], [IsDeleted]) VALUES (72, N'Batman', NULL, NULL, NULL, NULL, NULL, 1, 0)
INSERT [dbo].[Cities] ([Id], [Name], [Code], [CreationDate], [CreationPersonelId], [UpdatedDate], [UpdatedPersonelId], [IsActive], [IsDeleted]) VALUES (73, N'Þýrnak', NULL, NULL, NULL, NULL, NULL, 1, 0)
INSERT [dbo].[Cities] ([Id], [Name], [Code], [CreationDate], [CreationPersonelId], [UpdatedDate], [UpdatedPersonelId], [IsActive], [IsDeleted]) VALUES (74, N'Bartýn', NULL, NULL, NULL, NULL, NULL, 1, 0)
INSERT [dbo].[Cities] ([Id], [Name], [Code], [CreationDate], [CreationPersonelId], [UpdatedDate], [UpdatedPersonelId], [IsActive], [IsDeleted]) VALUES (75, N'Ardahan', NULL, NULL, NULL, NULL, NULL, 1, 0)
INSERT [dbo].[Cities] ([Id], [Name], [Code], [CreationDate], [CreationPersonelId], [UpdatedDate], [UpdatedPersonelId], [IsActive], [IsDeleted]) VALUES (76, N'Iðdýr', NULL, NULL, NULL, NULL, NULL, 1, 0)
INSERT [dbo].[Cities] ([Id], [Name], [Code], [CreationDate], [CreationPersonelId], [UpdatedDate], [UpdatedPersonelId], [IsActive], [IsDeleted]) VALUES (77, N'Yalova', NULL, NULL, NULL, NULL, NULL, 1, 0)
INSERT [dbo].[Cities] ([Id], [Name], [Code], [CreationDate], [CreationPersonelId], [UpdatedDate], [UpdatedPersonelId], [IsActive], [IsDeleted]) VALUES (78, N'Karabük', NULL, NULL, NULL, NULL, NULL, 1, 0)
INSERT [dbo].[Cities] ([Id], [Name], [Code], [CreationDate], [CreationPersonelId], [UpdatedDate], [UpdatedPersonelId], [IsActive], [IsDeleted]) VALUES (79, N'Kilis', NULL, NULL, NULL, NULL, NULL, 1, 0)
INSERT [dbo].[Cities] ([Id], [Name], [Code], [CreationDate], [CreationPersonelId], [UpdatedDate], [UpdatedPersonelId], [IsActive], [IsDeleted]) VALUES (80, N'Osmaniye', NULL, NULL, NULL, NULL, NULL, 1, 0)
INSERT [dbo].[Cities] ([Id], [Name], [Code], [CreationDate], [CreationPersonelId], [UpdatedDate], [UpdatedPersonelId], [IsActive], [IsDeleted]) VALUES (81, N'Düzce', NULL, NULL, NULL, NULL, NULL, 1, 0)
SET IDENTITY_INSERT [dbo].[Cities] OFF
/****** Object:  Table [dbo].[Departments]    Script Date: 06/01/2014 02:12:01 ******/
SET IDENTITY_INSERT [dbo].[Departments] ON
INSERT [dbo].[Departments] ([Id], [Name], [CreationDate], [CreationPersonelId], [UpdatedDate], [UpdatedPersonelId], [IsActive], [IsDeleted]) VALUES (1, N'Muhasebeci', NULL, NULL, NULL, NULL, 1, 0)
INSERT [dbo].[Departments] ([Id], [Name], [CreationDate], [CreationPersonelId], [UpdatedDate], [UpdatedPersonelId], [IsActive], [IsDeleted]) VALUES (2, N'Güvenlik Görevlisi', NULL, NULL, NULL, NULL, 1, 0)
INSERT [dbo].[Departments] ([Id], [Name], [CreationDate], [CreationPersonelId], [UpdatedDate], [UpdatedPersonelId], [IsActive], [IsDeleted]) VALUES (3, N'Kontak', NULL, NULL, NULL, NULL, 0, 0)
INSERT [dbo].[Departments] ([Id], [Name], [CreationDate], [CreationPersonelId], [UpdatedDate], [UpdatedPersonelId], [IsActive], [IsDeleted]) VALUES (4, N'Bilgi Ýþlem', NULL, NULL, NULL, NULL, 0, 0)
SET IDENTITY_INSERT [dbo].[Departments] OFF
/****** Object:  Table [dbo].[Customers]    Script Date: 06/01/2014 02:12:01 ******/
SET IDENTITY_INSERT [dbo].[Customers] ON
INSERT [dbo].[Customers] ([Id], [Name], [Abbreviation], [Keywords], [Explanation], [AvatarImageUrl], [CityId], [CreationDate], [CreationPersonelId], [UpdatedDate], [UpdatedPersonelId], [IsActive], [IsDeleted]) VALUES (143, N'AHÝ EVRAN ÜNÝVERSÝTESÝ', N'', N'', N'BÝLGÝ ÝÞLEME KENDÝLERÝ YÖNLENDÝRÝYOR.', N'', 6, NULL, NULL, NULL, NULL, 1, 0)
INSERT [dbo].[Customers] ([Id], [Name], [Abbreviation], [Keywords], [Explanation], [AvatarImageUrl], [CityId], [CreationDate], [CreationPersonelId], [UpdatedDate], [UpdatedPersonelId], [IsActive], [IsDeleted]) VALUES (144, N'AK PARTÝ', N'', N'', N'Bilgi iþleme kendisi yönlendiriyormuþ.', N'', 6, NULL, NULL, NULL, NULL, 1, 0)
INSERT [dbo].[Customers] ([Id], [Name], [Abbreviation], [Keywords], [Explanation], [AvatarImageUrl], [CityId], [CreationDate], [CreationPersonelId], [UpdatedDate], [UpdatedPersonelId], [IsActive], [IsDeleted]) VALUES (145, N'ANKARA NUMUNE HASTANESÝ', N'', N'', N'', N'', 6, NULL, NULL, NULL, NULL, 1, 0)
INSERT [dbo].[Customers] ([Id], [Name], [Abbreviation], [Keywords], [Explanation], [AvatarImageUrl], [CityId], [CreationDate], [CreationPersonelId], [UpdatedDate], [UpdatedPersonelId], [IsActive], [IsDeleted]) VALUES (146, N'ANKARA ÜNÝVERSÝTESÝ EÐÝTÝM BÝLÝMLERÝ', N'', N'', N'Mail atýp bilgileri gönderecek.', N'', 6, NULL, NULL, NULL, NULL, 1, 0)
INSERT [dbo].[Customers] ([Id], [Name], [Abbreviation], [Keywords], [Explanation], [AvatarImageUrl], [CityId], [CreationDate], [CreationPersonelId], [UpdatedDate], [UpdatedPersonelId], [IsActive], [IsDeleted]) VALUES (161, N'ARTVÝN ÇORUH ÜNÝVERSÝTESÝ', N'', N'', N'', N'', 6, NULL, NULL, NULL, NULL, 1, 0)
INSERT [dbo].[Customers] ([Id], [Name], [Abbreviation], [Keywords], [Explanation], [AvatarImageUrl], [CityId], [CreationDate], [CreationPersonelId], [UpdatedDate], [UpdatedPersonelId], [IsActive], [IsDeleted]) VALUES (162, N'ASELSAN ', N'', N'', N'SORUN OLDUÐUNDA EMRAH BEY YARDIMCI OLACAK.', N'', 6, NULL, NULL, NULL, NULL, 1, 0)
INSERT [dbo].[Customers] ([Id], [Name], [Abbreviation], [Keywords], [Explanation], [AvatarImageUrl], [CityId], [CreationDate], [CreationPersonelId], [UpdatedDate], [UpdatedPersonelId], [IsActive], [IsDeleted]) VALUES (163, N'ATK VÝP GÜVENLÝK HÝZMETLERÝ A.Þ.', N'', N'', N'', N'', 6, NULL, NULL, NULL, NULL, 1, 0)
INSERT [dbo].[Customers] ([Id], [Name], [Abbreviation], [Keywords], [Explanation], [AvatarImageUrl], [CityId], [CreationDate], [CreationPersonelId], [UpdatedDate], [UpdatedPersonelId], [IsActive], [IsDeleted]) VALUES (164, N'BARTIN ÜNÝVERSÝTESÝ', N'', N'', N'', N'', 6, NULL, NULL, NULL, NULL, 1, 0)
INSERT [dbo].[Customers] ([Id], [Name], [Abbreviation], [Keywords], [Explanation], [AvatarImageUrl], [CityId], [CreationDate], [CreationPersonelId], [UpdatedDate], [UpdatedPersonelId], [IsActive], [IsDeleted]) VALUES (165, N'BATMAN ÜNÝVERSÝTESÝ', N'', N'', N'BÝLGÝ ÝÞLEME KENDÝLERÝ YÖNLENDÝRÝYOR.', N'', 6, NULL, NULL, NULL, NULL, 1, 0)
INSERT [dbo].[Customers] ([Id], [Name], [Abbreviation], [Keywords], [Explanation], [AvatarImageUrl], [CityId], [CreationDate], [CreationPersonelId], [UpdatedDate], [UpdatedPersonelId], [IsActive], [IsDeleted]) VALUES (166, N'BEYLÝKDÜZÜ BELEDÝYESÝ', N'', N'', N'', N'', 6, NULL, NULL, NULL, NULL, 1, 0)
INSERT [dbo].[Customers] ([Id], [Name], [Abbreviation], [Keywords], [Explanation], [AvatarImageUrl], [CityId], [CreationDate], [CreationPersonelId], [UpdatedDate], [UpdatedPersonelId], [IsActive], [IsDeleted]) VALUES (167, N'BÝLGÝ ÜNÝVERSÝTESÝ', N'', N'', N'', N'', 6, NULL, NULL, NULL, NULL, 1, 0)
INSERT [dbo].[Customers] ([Id], [Name], [Abbreviation], [Keywords], [Explanation], [AvatarImageUrl], [CityId], [CreationDate], [CreationPersonelId], [UpdatedDate], [UpdatedPersonelId], [IsActive], [IsDeleted]) VALUES (168, N'BÝLÝÞÝM TEKNOLOJÝ GRUBU', N'', N'', N'', N'', 6, NULL, NULL, NULL, NULL, 1, 0)
INSERT [dbo].[Customers] ([Id], [Name], [Abbreviation], [Keywords], [Explanation], [AvatarImageUrl], [CityId], [CreationDate], [CreationPersonelId], [UpdatedDate], [UpdatedPersonelId], [IsActive], [IsDeleted]) VALUES (169, N'BÝLKENT ÜNÝVERSÝTESÝ', N'', N'', N'', N'', 6, NULL, NULL, NULL, NULL, 1, 0)
INSERT [dbo].[Customers] ([Id], [Name], [Abbreviation], [Keywords], [Explanation], [AvatarImageUrl], [CityId], [CreationDate], [CreationPersonelId], [UpdatedDate], [UpdatedPersonelId], [IsActive], [IsDeleted]) VALUES (172, N'BURSA TEKNÝK ÜNÝVERSÝTESÝ', N'', N'', N'', N'', 6, NULL, NULL, NULL, NULL, 1, 0)
INSERT [dbo].[Customers] ([Id], [Name], [Abbreviation], [Keywords], [Explanation], [AvatarImageUrl], [CityId], [CreationDate], [CreationPersonelId], [UpdatedDate], [UpdatedPersonelId], [IsActive], [IsDeleted]) VALUES (173, N'CEBECÝ ÝL HALK ', N'', N'', N'BÝLGÝ ÝÞLEM ÝLE BAÐLANTI ÝÇÝN BAYRAM BEY YARDIMCI OLACAK', N'', 6, NULL, NULL, NULL, NULL, 1, 0)
INSERT [dbo].[Customers] ([Id], [Name], [Abbreviation], [Keywords], [Explanation], [AvatarImageUrl], [CityId], [CreationDate], [CreationPersonelId], [UpdatedDate], [UpdatedPersonelId], [IsActive], [IsDeleted]) VALUES (174, N'CUMHURBAÞKANLIÐI GENEL SEKRETERLÝÐÝ', N'', N'', N'', N'', 6, NULL, NULL, NULL, NULL, 1, 0)
INSERT [dbo].[Customers] ([Id], [Name], [Abbreviation], [Keywords], [Explanation], [AvatarImageUrl], [CityId], [CreationDate], [CreationPersonelId], [UpdatedDate], [UpdatedPersonelId], [IsActive], [IsDeleted]) VALUES (175, N'ÇANKAYA ÜNÝVERSÝTESÝ', N'', N'', N'', N'', 6, NULL, NULL, NULL, NULL, 1, 0)
INSERT [dbo].[Customers] ([Id], [Name], [Abbreviation], [Keywords], [Explanation], [AvatarImageUrl], [CityId], [CreationDate], [CreationPersonelId], [UpdatedDate], [UpdatedPersonelId], [IsActive], [IsDeleted]) VALUES (176, N'DANIÞTAY ', N'', N'', N'BÝLGÝ ÝÞLEMLE KOORDÝNELÝ ÇALIÞIYORLAR. BÝR SORUNDA TURGAY BEY YARDIMCI OLACAK', N'', 6, NULL, NULL, NULL, NULL, 1, 0)
INSERT [dbo].[Customers] ([Id], [Name], [Abbreviation], [Keywords], [Explanation], [AvatarImageUrl], [CityId], [CreationDate], [CreationPersonelId], [UpdatedDate], [UpdatedPersonelId], [IsActive], [IsDeleted]) VALUES (177, N'DIÞÝÞLERÝ KÜTÜPHANESÝ', N'', N'', N'', N'', 6, NULL, NULL, NULL, NULL, 1, 0)
INSERT [dbo].[Customers] ([Id], [Name], [Abbreviation], [Keywords], [Explanation], [AvatarImageUrl], [CityId], [CreationDate], [CreationPersonelId], [UpdatedDate], [UpdatedPersonelId], [IsActive], [IsDeleted]) VALUES (178, N'DÝCLE ÜNÝVERSÝTESÝ', N'', N'', N'', N'', 6, NULL, NULL, NULL, NULL, 1, 0)
INSERT [dbo].[Customers] ([Id], [Name], [Abbreviation], [Keywords], [Explanation], [AvatarImageUrl], [CityId], [CreationDate], [CreationPersonelId], [UpdatedDate], [UpdatedPersonelId], [IsActive], [IsDeleted]) VALUES (179, N'EGE ÜNÝVERSÝTESÝ', N'', N'', N'', N'', 6, NULL, NULL, NULL, NULL, 1, 0)
INSERT [dbo].[Customers] ([Id], [Name], [Abbreviation], [Keywords], [Explanation], [AvatarImageUrl], [CityId], [CreationDate], [CreationPersonelId], [UpdatedDate], [UpdatedPersonelId], [IsActive], [IsDeleted]) VALUES (180, N'EMÝT', N'', N'', N'', N'', 6, NULL, NULL, NULL, NULL, 1, 0)
INSERT [dbo].[Customers] ([Id], [Name], [Abbreviation], [Keywords], [Explanation], [AvatarImageUrl], [CityId], [CreationDate], [CreationPersonelId], [UpdatedDate], [UpdatedPersonelId], [IsActive], [IsDeleted]) VALUES (181, N'ENERJÝ PÝYASASI DÜZENLEME KURUMU', N'', N'', N'', N'', 6, NULL, NULL, NULL, NULL, 1, 0)
INSERT [dbo].[Customers] ([Id], [Name], [Abbreviation], [Keywords], [Explanation], [AvatarImageUrl], [CityId], [CreationDate], [CreationPersonelId], [UpdatedDate], [UpdatedPersonelId], [IsActive], [IsDeleted]) VALUES (182, N'ERCÝYES ÜNÝVERSÝTESÝ', N'', N'', N'BÝLGÝ ÝÞLEME KENDÝLERÝ YÖNLENDÝRÝYOR.', N'', 6, NULL, NULL, NULL, NULL, 1, 0)
INSERT [dbo].[Customers] ([Id], [Name], [Abbreviation], [Keywords], [Explanation], [AvatarImageUrl], [CityId], [CreationDate], [CreationPersonelId], [UpdatedDate], [UpdatedPersonelId], [IsActive], [IsDeleted]) VALUES (183, N'ERZÝNCAN ÜNÝVERSÝTESÝ', N'', N'', N'', N'', 6, NULL, NULL, NULL, NULL, 1, 0)
INSERT [dbo].[Customers] ([Id], [Name], [Abbreviation], [Keywords], [Explanation], [AvatarImageUrl], [CityId], [CreationDate], [CreationPersonelId], [UpdatedDate], [UpdatedPersonelId], [IsActive], [IsDeleted]) VALUES (186, N'ETÝSAN ', N'', N'', N'Þirket sabit hattýndan ulaþýlýyor.', N'', 6, NULL, NULL, NULL, NULL, 1, 0)
INSERT [dbo].[Customers] ([Id], [Name], [Abbreviation], [Keywords], [Explanation], [AvatarImageUrl], [CityId], [CreationDate], [CreationPersonelId], [UpdatedDate], [UpdatedPersonelId], [IsActive], [IsDeleted]) VALUES (187, N'HACETTEPE ÜNÝVERSÝTESÝ', N'', N'', N'', N'', 6, NULL, NULL, NULL, NULL, 1, 0)
INSERT [dbo].[Customers] ([Id], [Name], [Abbreviation], [Keywords], [Explanation], [AvatarImageUrl], [CityId], [CreationDate], [CreationPersonelId], [UpdatedDate], [UpdatedPersonelId], [IsActive], [IsDeleted]) VALUES (188, N'IÐDIR ÜNÝVESRÝTESÝ', N'', N'', N'', N'', 6, NULL, NULL, NULL, NULL, 1, 0)
INSERT [dbo].[Customers] ([Id], [Name], [Abbreviation], [Keywords], [Explanation], [AvatarImageUrl], [CityId], [CreationDate], [CreationPersonelId], [UpdatedDate], [UpdatedPersonelId], [IsActive], [IsDeleted]) VALUES (189, N'ÝÇ ÝÞLERÝ BAKANLIÐI', N'', N'', N'', N'', 6, NULL, NULL, NULL, NULL, 1, 0)
INSERT [dbo].[Customers] ([Id], [Name], [Abbreviation], [Keywords], [Explanation], [AvatarImageUrl], [CityId], [CreationDate], [CreationPersonelId], [UpdatedDate], [UpdatedPersonelId], [IsActive], [IsDeleted]) VALUES (190, N'ÝPEK ÜNÝVERSÝTESÝ', N'', N'', N'BÝLGÝ ÝÞLEME KENDÝLERÝ YÖNLENDÝRÝYOR.', N'', 6, NULL, NULL, NULL, NULL, 1, 0)
INSERT [dbo].[Customers] ([Id], [Name], [Abbreviation], [Keywords], [Explanation], [AvatarImageUrl], [CityId], [CreationDate], [CreationPersonelId], [UpdatedDate], [UpdatedPersonelId], [IsActive], [IsDeleted]) VALUES (191, N'ÝZMÝR  KATÝP ÇELEBÝ ÜNÝVERSÝTESÝ', N'', N'', N'BÝLGÝ ÝÞLEME KENDÝLERÝ YÖNLENDÝRÝYOR.', N'', 6, NULL, NULL, NULL, NULL, 1, 0)
INSERT [dbo].[Customers] ([Id], [Name], [Abbreviation], [Keywords], [Explanation], [AvatarImageUrl], [CityId], [CreationDate], [CreationPersonelId], [UpdatedDate], [UpdatedPersonelId], [IsActive], [IsDeleted]) VALUES (192, N'ÝZMÝR BORNOVA BELEDÝYESÝ', N'', N'', N'', N'', 6, NULL, NULL, NULL, NULL, 1, 0)
INSERT [dbo].[Customers] ([Id], [Name], [Abbreviation], [Keywords], [Explanation], [AvatarImageUrl], [CityId], [CreationDate], [CreationPersonelId], [UpdatedDate], [UpdatedPersonelId], [IsActive], [IsDeleted]) VALUES (193, N'KARABÜK ÜNÝVERSÝTESÝ', N'', N'', N'', N'', 6, NULL, NULL, NULL, NULL, 1, 0)
INSERT [dbo].[Customers] ([Id], [Name], [Abbreviation], [Keywords], [Explanation], [AvatarImageUrl], [CityId], [CreationDate], [CreationPersonelId], [UpdatedDate], [UpdatedPersonelId], [IsActive], [IsDeleted]) VALUES (194, N'KARADENÝZ TEKNÝK ÜNÝVERSÝTESÝ ', N'', N'', N'', N'', 6, NULL, NULL, NULL, NULL, 1, 0)
INSERT [dbo].[Customers] ([Id], [Name], [Abbreviation], [Keywords], [Explanation], [AvatarImageUrl], [CityId], [CreationDate], [CreationPersonelId], [UpdatedDate], [UpdatedPersonelId], [IsActive], [IsDeleted]) VALUES (195, N'KIBRIS LEFKE ÜNÝVERSÝTESÝ', N'', N'', N'', N'', 6, NULL, NULL, NULL, NULL, 1, 0)
INSERT [dbo].[Customers] ([Id], [Name], [Abbreviation], [Keywords], [Explanation], [AvatarImageUrl], [CityId], [CreationDate], [CreationPersonelId], [UpdatedDate], [UpdatedPersonelId], [IsActive], [IsDeleted]) VALUES (196, N'KÝTAP ÞÝFAHANESÝ VE ARÞÝV DAÝRESÝ BAÞKANLIÐI', N'', N'', N'', N'', 6, NULL, NULL, NULL, NULL, 1, 0)
INSERT [dbo].[Customers] ([Id], [Name], [Abbreviation], [Keywords], [Explanation], [AvatarImageUrl], [CityId], [CreationDate], [CreationPersonelId], [UpdatedDate], [UpdatedPersonelId], [IsActive], [IsDeleted]) VALUES (197, N'KONYA KARATAY ÜNÝVERSÝTESÝ', N'', N'', N'', N'', 6, NULL, NULL, NULL, NULL, 1, 0)
INSERT [dbo].[Customers] ([Id], [Name], [Abbreviation], [Keywords], [Explanation], [AvatarImageUrl], [CityId], [CreationDate], [CreationPersonelId], [UpdatedDate], [UpdatedPersonelId], [IsActive], [IsDeleted]) VALUES (198, N'MELÝKÞAH ÜNÝVERSÝTESÝ', N'', N'', N'BÝLGÝ ÝÞLEM ÝLE SORUN OLDUÐUNDA ALÝ BEY YARDIMCI OLACAK', N'', 6, NULL, NULL, NULL, NULL, 1, 0)
INSERT [dbo].[Customers] ([Id], [Name], [Abbreviation], [Keywords], [Explanation], [AvatarImageUrl], [CityId], [CreationDate], [CreationPersonelId], [UpdatedDate], [UpdatedPersonelId], [IsActive], [IsDeleted]) VALUES (199, N'MFZ GÖZDE YAPI ÝNÞAAT ', N'', N'', N'', N'', 6, NULL, NULL, NULL, NULL, 1, 0)
INSERT [dbo].[Customers] ([Id], [Name], [Abbreviation], [Keywords], [Explanation], [AvatarImageUrl], [CityId], [CreationDate], [CreationPersonelId], [UpdatedDate], [UpdatedPersonelId], [IsActive], [IsDeleted]) VALUES (200, N'MÝKES', N'', N'', N'', N'', 6, NULL, NULL, NULL, NULL, 1, 0)
INSERT [dbo].[Customers] ([Id], [Name], [Abbreviation], [Keywords], [Explanation], [AvatarImageUrl], [CityId], [CreationDate], [CreationPersonelId], [UpdatedDate], [UpdatedPersonelId], [IsActive], [IsDeleted]) VALUES (203, N'MUÞ ALPARSLAN ÜNÝVERSÝTESÝ', N'', N'', N'Bilgi iþlemle de Faruk bey ilgileniyor.', N'', 6, NULL, NULL, NULL, NULL, 1, 0)
INSERT [dbo].[Customers] ([Id], [Name], [Abbreviation], [Keywords], [Explanation], [AvatarImageUrl], [CityId], [CreationDate], [CreationPersonelId], [UpdatedDate], [UpdatedPersonelId], [IsActive], [IsDeleted]) VALUES (204, N'ODTÜ KIBRIS', N'', N'', N'BÝLGÝ ÝÞLEME KENDÝLERÝ YÖNLENDÝRÝYOR.', N'', 6, NULL, NULL, NULL, NULL, 1, 0)
INSERT [dbo].[Customers] ([Id], [Name], [Abbreviation], [Keywords], [Explanation], [AvatarImageUrl], [CityId], [CreationDate], [CreationPersonelId], [UpdatedDate], [UpdatedPersonelId], [IsActive], [IsDeleted]) VALUES (205, N'ORDU ÜNÝVERSÝTESÝ', N'', N'', N'', N'', 6, NULL, NULL, NULL, NULL, 1, 0)
INSERT [dbo].[Customers] ([Id], [Name], [Abbreviation], [Keywords], [Explanation], [AvatarImageUrl], [CityId], [CreationDate], [CreationPersonelId], [UpdatedDate], [UpdatedPersonelId], [IsActive], [IsDeleted]) VALUES (206, N'ORHAN KEMAL KÜTÜPHANESÝ', N'', N'', N'', N'', 6, NULL, NULL, NULL, NULL, 1, 0)
INSERT [dbo].[Customers] ([Id], [Name], [Abbreviation], [Keywords], [Explanation], [AvatarImageUrl], [CityId], [CreationDate], [CreationPersonelId], [UpdatedDate], [UpdatedPersonelId], [IsActive], [IsDeleted]) VALUES (207, N'OYAK GÜVENLÝK ', N'', N'', N'', N'', 6, NULL, NULL, NULL, NULL, 1, 0)
INSERT [dbo].[Customers] ([Id], [Name], [Abbreviation], [Keywords], [Explanation], [AvatarImageUrl], [CityId], [CreationDate], [CreationPersonelId], [UpdatedDate], [UpdatedPersonelId], [IsActive], [IsDeleted]) VALUES (210, N'ÖZKOÇ SÝTESÝ', N'', N'', N'', N'', 6, NULL, NULL, NULL, NULL, 1, 0)
INSERT [dbo].[Customers] ([Id], [Name], [Abbreviation], [Keywords], [Explanation], [AvatarImageUrl], [CityId], [CreationDate], [CreationPersonelId], [UpdatedDate], [UpdatedPersonelId], [IsActive], [IsDeleted]) VALUES (211, N'PETABÝN BÝLGÝ TEKNOLOJÝLERÝ', N'', N'', N'', N'', 6, NULL, NULL, NULL, NULL, 1, 0)
INSERT [dbo].[Customers] ([Id], [Name], [Abbreviation], [Keywords], [Explanation], [AvatarImageUrl], [CityId], [CreationDate], [CreationPersonelId], [UpdatedDate], [UpdatedPersonelId], [IsActive], [IsDeleted]) VALUES (212, N'POLÝS AKADEMÝSÝ KÜTÜPHANESÝ', N'', N'', N'', N'', 6, NULL, NULL, NULL, NULL, 1, 0)
INSERT [dbo].[Customers] ([Id], [Name], [Abbreviation], [Keywords], [Explanation], [AvatarImageUrl], [CityId], [CreationDate], [CreationPersonelId], [UpdatedDate], [UpdatedPersonelId], [IsActive], [IsDeleted]) VALUES (213, N'RÖNESANS HOLDÝNG ANKARA', N'', N'', N'', N'', 6, NULL, NULL, NULL, NULL, 1, 0)
INSERT [dbo].[Customers] ([Id], [Name], [Abbreviation], [Keywords], [Explanation], [AvatarImageUrl], [CityId], [CreationDate], [CreationPersonelId], [UpdatedDate], [UpdatedPersonelId], [IsActive], [IsDeleted]) VALUES (214, N'SGM', N'', N'', N'', N'', 6, NULL, NULL, NULL, NULL, 1, 0)
INSERT [dbo].[Customers] ([Id], [Name], [Abbreviation], [Keywords], [Explanation], [AvatarImageUrl], [CityId], [CreationDate], [CreationPersonelId], [UpdatedDate], [UpdatedPersonelId], [IsActive], [IsDeleted]) VALUES (215, N'SÝNOP ÜNÝVERSÝTESÝ', N'', N'', N'', N'', 6, NULL, NULL, NULL, NULL, 1, 0)
INSERT [dbo].[Customers] ([Id], [Name], [Abbreviation], [Keywords], [Explanation], [AvatarImageUrl], [CityId], [CreationDate], [CreationPersonelId], [UpdatedDate], [UpdatedPersonelId], [IsActive], [IsDeleted]) VALUES (216, N'ÞEHÝR ÜNÝVERSÝTESÝ', N'', N'', N'', N'', 6, NULL, NULL, NULL, NULL, 1, 0)
INSERT [dbo].[Customers] ([Id], [Name], [Abbreviation], [Keywords], [Explanation], [AvatarImageUrl], [CityId], [CreationDate], [CreationPersonelId], [UpdatedDate], [UpdatedPersonelId], [IsActive], [IsDeleted]) VALUES (217, N'TED ÜNÝVERSÝTESÝ', N'', N'', N'', N'', 6, NULL, NULL, NULL, NULL, 1, 0)
INSERT [dbo].[Customers] ([Id], [Name], [Abbreviation], [Keywords], [Explanation], [AvatarImageUrl], [CityId], [CreationDate], [CreationPersonelId], [UpdatedDate], [UpdatedPersonelId], [IsActive], [IsDeleted]) VALUES (218, N'TRAKYA ÜNÝVERSÝTESÝ', N'', N'', N'BÝLGÝ ÝÞLEME KENDÝLERÝ YÖNLENDÝRÝYOR.', N'', 6, NULL, NULL, NULL, NULL, 1, 0)
INSERT [dbo].[Customers] ([Id], [Name], [Abbreviation], [Keywords], [Explanation], [AvatarImageUrl], [CityId], [CreationDate], [CreationPersonelId], [UpdatedDate], [UpdatedPersonelId], [IsActive], [IsDeleted]) VALUES (219, N'TTK', N'', N'', N'', N'', 6, NULL, NULL, NULL, NULL, 1, 0)
INSERT [dbo].[Customers] ([Id], [Name], [Abbreviation], [Keywords], [Explanation], [AvatarImageUrl], [CityId], [CreationDate], [CreationPersonelId], [UpdatedDate], [UpdatedPersonelId], [IsActive], [IsDeleted]) VALUES (220, N'TÜRK HAVA KURUMU ÜNÝVERSÝTESÝ', N'', N'', N'', N'', 6, NULL, NULL, NULL, NULL, 1, 0)
INSERT [dbo].[Customers] ([Id], [Name], [Abbreviation], [Keywords], [Explanation], [AvatarImageUrl], [CityId], [CreationDate], [CreationPersonelId], [UpdatedDate], [UpdatedPersonelId], [IsActive], [IsDeleted]) VALUES (221, N'TÜRKÝYE HALK BANKASI A.Þ', N'', N'', N'', N'', 6, NULL, NULL, NULL, NULL, 1, 0)
INSERT [dbo].[Customers] ([Id], [Name], [Abbreviation], [Keywords], [Explanation], [AvatarImageUrl], [CityId], [CreationDate], [CreationPersonelId], [UpdatedDate], [UpdatedPersonelId], [IsActive], [IsDeleted]) VALUES (222, N'ULUSLARARASI ANTALYA ÜNÝVERSÝTESÝ', N'', N'', N'', N'', 6, NULL, NULL, NULL, NULL, 1, 0)
INSERT [dbo].[Customers] ([Id], [Name], [Abbreviation], [Keywords], [Explanation], [AvatarImageUrl], [CityId], [CreationDate], [CreationPersonelId], [UpdatedDate], [UpdatedPersonelId], [IsActive], [IsDeleted]) VALUES (223, N'VAN YÜZÜNCÜYIL ÜNÝVERSÝTESÝ', N'', N'', N'', N'', 6, NULL, NULL, NULL, NULL, 1, 0)
INSERT [dbo].[Customers] ([Id], [Name], [Abbreviation], [Keywords], [Explanation], [AvatarImageUrl], [CityId], [CreationDate], [CreationPersonelId], [UpdatedDate], [UpdatedPersonelId], [IsActive], [IsDeleted]) VALUES (224, N'YARGITAY BAÞKANLIÐI', N'', N'', N'', N'', 6, NULL, NULL, NULL, NULL, 1, 0)
INSERT [dbo].[Customers] ([Id], [Name], [Abbreviation], [Keywords], [Explanation], [AvatarImageUrl], [CityId], [CreationDate], [CreationPersonelId], [UpdatedDate], [UpdatedPersonelId], [IsActive], [IsDeleted]) VALUES (225, N'YILDIRIM BEYAZIT ÜNÝVERSÝTESÝ', N'', N'', N'', N'', 6, NULL, NULL, NULL, NULL, 1, 0)
INSERT [dbo].[Customers] ([Id], [Name], [Abbreviation], [Keywords], [Explanation], [AvatarImageUrl], [CityId], [CreationDate], [CreationPersonelId], [UpdatedDate], [UpdatedPersonelId], [IsActive], [IsDeleted]) VALUES (226, N'ANKARA ÜNÝVERSÝTESÝ-DÝL TARÝH COÐRAFYA FAKÜLTESÝ', N'', N'', N'', N'', 6, NULL, NULL, NULL, NULL, 1, 0)
INSERT [dbo].[Customers] ([Id], [Name], [Abbreviation], [Keywords], [Explanation], [AvatarImageUrl], [CityId], [CreationDate], [CreationPersonelId], [UpdatedDate], [UpdatedPersonelId], [IsActive], [IsDeleted]) VALUES (227, N'BORNOVA BELEDÝYESÝ ATATÜRK KÝTAPLARI KÜTÜPHANESÝ', N'', N'', N'', N'', 6, NULL, NULL, NULL, NULL, 1, 0)
INSERT [dbo].[Customers] ([Id], [Name], [Abbreviation], [Keywords], [Explanation], [AvatarImageUrl], [CityId], [CreationDate], [CreationPersonelId], [UpdatedDate], [UpdatedPersonelId], [IsActive], [IsDeleted]) VALUES (228, N'ERZURUM LABARATUVAR LÝSESÝ', N'', N'', N'Bilgi iþleme kendisi yönlendiriyormuþ.', N'', 6, NULL, NULL, NULL, NULL, 1, 0)
INSERT [dbo].[Customers] ([Id], [Name], [Abbreviation], [Keywords], [Explanation], [AvatarImageUrl], [CityId], [CreationDate], [CreationPersonelId], [UpdatedDate], [UpdatedPersonelId], [IsActive], [IsDeleted]) VALUES (229, N'MÝMAR SÝNAN GÜZEL SANATLAR ÜNÝVERSÝTESÝ', N'', N'', N'', N'', 6, NULL, NULL, NULL, NULL, 1, 0)
INSERT [dbo].[Customers] ([Id], [Name], [Abbreviation], [Keywords], [Explanation], [AvatarImageUrl], [CityId], [CreationDate], [CreationPersonelId], [UpdatedDate], [UpdatedPersonelId], [IsActive], [IsDeleted]) VALUES (230, N'ÖZEL ÝZMÝRÜNÝVERSÝTESÝ', N'', N'', N'', N'', 6, NULL, NULL, NULL, NULL, 1, 0)
INSERT [dbo].[Customers] ([Id], [Name], [Abbreviation], [Keywords], [Explanation], [AvatarImageUrl], [CityId], [CreationDate], [CreationPersonelId], [UpdatedDate], [UpdatedPersonelId], [IsActive], [IsDeleted]) VALUES (231, N'BÝLGÝ ÜNÝVERSÝTESÝ-KUÞTEPE KAMPÜSÜ', N'', N'', N'', N'', 6, NULL, NULL, NULL, NULL, 1, 0)
INSERT [dbo].[Customers] ([Id], [Name], [Abbreviation], [Keywords], [Explanation], [AvatarImageUrl], [CityId], [CreationDate], [CreationPersonelId], [UpdatedDate], [UpdatedPersonelId], [IsActive], [IsDeleted]) VALUES (232, N'ANKARA ÜNÝVERSÝTESÝ-SOSYAL BÝLÝMLER FAKÜLTESÝ', N'', N'', N'', N'', 6, NULL, NULL, NULL, NULL, 1, 0)
SET IDENTITY_INSERT [dbo].[Customers] OFF
/****** Object:  Table [dbo].[Communications]    Script Date: 06/01/2014 02:12:01 ******/
SET IDENTITY_INSERT [dbo].[Communications] ON
INSERT [dbo].[Communications] ([Id], [FirstName], [LastName], [Email], [HomePhoneNumber], [MobilePhoneNumber], [AvatarImageUrl], [CustomerId], [DepartmentId], [GenderId], [CreationDate], [CreationPersonelId], [UpdatedDate], [UpdatedPersonelId], [IsActive], [IsDeleted]) VALUES (1, N'SIRRI CEM', NULL, N'sirricem@mail.edu.tr', N'0232 388 27 05', N'0554 357 22 87', NULL, 179, 4, 1, CAST(0x0000A33D00215D34 AS DateTime), 1, NULL, NULL, 1, 0)
INSERT [dbo].[Communications] ([Id], [FirstName], [LastName], [Email], [HomePhoneNumber], [MobilePhoneNumber], [AvatarImageUrl], [CustomerId], [DepartmentId], [GenderId], [CreationDate], [CreationPersonelId], [UpdatedDate], [UpdatedPersonelId], [IsActive], [IsDeleted]) VALUES (2, N'MEVLÜT TUTGUN', NULL, N'', N'', N'0541 452 20 79', NULL, 178, 4, 1, CAST(0x0000A33D00215D34 AS DateTime), 1, NULL, NULL, 1, 0)
INSERT [dbo].[Communications] ([Id], [FirstName], [LastName], [Email], [HomePhoneNumber], [MobilePhoneNumber], [AvatarImageUrl], [CustomerId], [DepartmentId], [GenderId], [CreationDate], [CreationPersonelId], [UpdatedDate], [UpdatedPersonelId], [IsActive], [IsDeleted]) VALUES (3, N'TARIK DURNA', NULL, N'tarikd@bilkent.edu.tr', N'', N'0532 714 46 70', NULL, 169, 4, 1, CAST(0x0000A33D00215D34 AS DateTime), 1, NULL, NULL, 1, 0)
INSERT [dbo].[Communications] ([Id], [FirstName], [LastName], [Email], [HomePhoneNumber], [MobilePhoneNumber], [AvatarImageUrl], [CustomerId], [DepartmentId], [GenderId], [CreationDate], [CreationPersonelId], [UpdatedDate], [UpdatedPersonelId], [IsActive], [IsDeleted]) VALUES (4, N'/', NULL, N'', N'0212 311 74 09', N'', NULL, 167, 4, 1, CAST(0x0000A33D00215D34 AS DateTime), 1, NULL, NULL, 1, 0)
INSERT [dbo].[Communications] ([Id], [FirstName], [LastName], [Email], [HomePhoneNumber], [MobilePhoneNumber], [AvatarImageUrl], [CustomerId], [DepartmentId], [GenderId], [CreationDate], [CreationPersonelId], [UpdatedDate], [UpdatedPersonelId], [IsActive], [IsDeleted]) VALUES (5, N'REÞAT PEKTAÞ', NULL, N'resat@bilgi.edu.tr', N'0212 311 74 56', N'0533 261 61 71', NULL, 231, 4, 1, CAST(0x0000A33D00215D34 AS DateTime), 1, NULL, NULL, 1, 0)
INSERT [dbo].[Communications] ([Id], [FirstName], [LastName], [Email], [HomePhoneNumber], [MobilePhoneNumber], [AvatarImageUrl], [CustomerId], [DepartmentId], [GenderId], [CreationDate], [CreationPersonelId], [UpdatedDate], [UpdatedPersonelId], [IsActive], [IsDeleted]) VALUES (6, N'ABDURRAHMAN BEY', NULL, N'abdurrahmanozdemir@sehir.edu.tr', N'0216 559 90 27', N'', NULL, 216, 4, 1, CAST(0x0000A33D00215D34 AS DateTime), 1, NULL, NULL, 1, 0)
INSERT [dbo].[Communications] ([Id], [FirstName], [LastName], [Email], [HomePhoneNumber], [MobilePhoneNumber], [AvatarImageUrl], [CustomerId], [DepartmentId], [GenderId], [CreationDate], [CreationPersonelId], [UpdatedDate], [UpdatedPersonelId], [IsActive], [IsDeleted]) VALUES (7, N'ADEM BEY', NULL, N'erdal.toktas@gmail.com', N'0312 310  32 80  1171', N'0543 712 51 27', NULL, 226, 4, 1, CAST(0x0000A33D00215D34 AS DateTime), 1, NULL, NULL, 1, 0)
INSERT [dbo].[Communications] ([Id], [FirstName], [LastName], [Email], [HomePhoneNumber], [MobilePhoneNumber], [AvatarImageUrl], [CustomerId], [DepartmentId], [GenderId], [CreationDate], [CreationPersonelId], [UpdatedDate], [UpdatedPersonelId], [IsActive], [IsDeleted]) VALUES (8, N'HAKAN BEY', NULL, N'hakan.ceylan@asbu.edu.tr', N'0312 596 44 80', N'0533 499 67 54', NULL, 232, 4, 1, CAST(0x0000A33D00215D34 AS DateTime), 1, NULL, NULL, 1, 0)
INSERT [dbo].[Communications] ([Id], [FirstName], [LastName], [Email], [HomePhoneNumber], [MobilePhoneNumber], [AvatarImageUrl], [CustomerId], [DepartmentId], [GenderId], [CreationDate], [CreationPersonelId], [UpdatedDate], [UpdatedPersonelId], [IsActive], [IsDeleted]) VALUES (9, N'HASAN URSAR', NULL, N'hasan@izmir.edu.tr', N'0232 246 39 92  20', N'0530 825 09 90', NULL, 230, 4, 1, CAST(0x0000A33D00215D34 AS DateTime), 1, NULL, NULL, 1, 0)
INSERT [dbo].[Communications] ([Id], [FirstName], [LastName], [Email], [HomePhoneNumber], [MobilePhoneNumber], [AvatarImageUrl], [CustomerId], [DepartmentId], [GenderId], [CreationDate], [CreationPersonelId], [UpdatedDate], [UpdatedPersonelId], [IsActive], [IsDeleted]) VALUES (10, N'TÜLAY ARAL', NULL, N'tulay@sinop.edu.tr', N'0368 271 57 81  1802', N'Cemal bey sorunu çözüyor , 
gerekirse bilgi iþlem araya giriyor.', NULL, 215, 4, 1, CAST(0x0000A33D00215D34 AS DateTime), 1, NULL, NULL, 1, 0)
INSERT [dbo].[Communications] ([Id], [FirstName], [LastName], [Email], [HomePhoneNumber], [MobilePhoneNumber], [AvatarImageUrl], [CustomerId], [DepartmentId], [GenderId], [CreationDate], [CreationPersonelId], [UpdatedDate], [UpdatedPersonelId], [IsActive], [IsDeleted]) VALUES (11, N'RAHMAN DURAN', NULL, N'', N'0466 215 10 00', N'', NULL, 161, 4, 1, CAST(0x0000A33D00215D34 AS DateTime), 1, NULL, NULL, 1, 0)
INSERT [dbo].[Communications] ([Id], [FirstName], [LastName], [Email], [HomePhoneNumber], [MobilePhoneNumber], [AvatarImageUrl], [CustomerId], [DepartmentId], [GenderId], [CreationDate], [CreationPersonelId], [UpdatedDate], [UpdatedPersonelId], [IsActive], [IsDeleted]) VALUES (12, N'SERKAN ÞÝMÞEK', NULL, N'serkansimsek@karabuk.edu.tr', N'0270 433 40 18  2170', N'', NULL, 193, 4, 1, CAST(0x0000A33D00215D34 AS DateTime), 1, NULL, NULL, 1, 0)
INSERT [dbo].[Communications] ([Id], [FirstName], [LastName], [Email], [HomePhoneNumber], [MobilePhoneNumber], [AvatarImageUrl], [CustomerId], [DepartmentId], [GenderId], [CreationDate], [CreationPersonelId], [UpdatedDate], [UpdatedPersonelId], [IsActive], [IsDeleted]) VALUES (13, N'ÞERAFETTÝN BEY', NULL, N'', N'', N'0546 823 32 71', NULL, 225, 4, 1, CAST(0x0000A33D00215D34 AS DateTime), 1, NULL, NULL, 1, 0)
INSERT [dbo].[Communications] ([Id], [FirstName], [LastName], [Email], [HomePhoneNumber], [MobilePhoneNumber], [AvatarImageUrl], [CustomerId], [DepartmentId], [GenderId], [CreationDate], [CreationPersonelId], [UpdatedDate], [UpdatedPersonelId], [IsActive], [IsDeleted]) VALUES (14, N'NECÝP CELEPCÝ', NULL, N'necip.celepci@antalya.edu.tr', N'', N'0553 239 00 05', NULL, 222, 4, 1, CAST(0x0000A33D00215D34 AS DateTime), 1, NULL, NULL, 1, 0)
INSERT [dbo].[Communications] ([Id], [FirstName], [LastName], [Email], [HomePhoneNumber], [MobilePhoneNumber], [AvatarImageUrl], [CustomerId], [DepartmentId], [GenderId], [CreationDate], [CreationPersonelId], [UpdatedDate], [UpdatedPersonelId], [IsActive], [IsDeleted]) VALUES (15, N'FATÝH GÜLER', NULL, N'', N'0476 226 13 00  1200 1201', N'', NULL, 188, 4, 1, CAST(0x0000A33D00215D34 AS DateTime), 1, NULL, NULL, 1, 0)
INSERT [dbo].[Communications] ([Id], [FirstName], [LastName], [Email], [HomePhoneNumber], [MobilePhoneNumber], [AvatarImageUrl], [CustomerId], [DepartmentId], [GenderId], [CreationDate], [CreationPersonelId], [UpdatedDate], [UpdatedPersonelId], [IsActive], [IsDeleted]) VALUES (16, N'MEHMET NURÝ ALMALI', NULL, N'', N'', N'', NULL, 223, 4, 1, CAST(0x0000A33D00215D34 AS DateTime), 1, NULL, NULL, 1, 0)
INSERT [dbo].[Communications] ([Id], [FirstName], [LastName], [Email], [HomePhoneNumber], [MobilePhoneNumber], [AvatarImageUrl], [CustomerId], [DepartmentId], [GenderId], [CreationDate], [CreationPersonelId], [UpdatedDate], [UpdatedPersonelId], [IsActive], [IsDeleted]) VALUES (17, N'EMRAH BEY', NULL, N'emrahaydin@bornova.bel.tr', N'0232 999 29 29  1707', N'0507 340 55 45', NULL, 227, 4, 1, CAST(0x0000A33D00215D34 AS DateTime), 1, NULL, NULL, 1, 0)
INSERT [dbo].[Communications] ([Id], [FirstName], [LastName], [Email], [HomePhoneNumber], [MobilePhoneNumber], [AvatarImageUrl], [CustomerId], [DepartmentId], [GenderId], [CreationDate], [CreationPersonelId], [UpdatedDate], [UpdatedPersonelId], [IsActive], [IsDeleted]) VALUES (18, N'AHMET ÝLDENÝZ', NULL, N'ildeniz@btu.edu.tr', N'0224 314 16 46', N'', NULL, 172, 4, 1, CAST(0x0000A33D00215D34 AS DateTime), 1, NULL, NULL, 1, 0)
INSERT [dbo].[Communications] ([Id], [FirstName], [LastName], [Email], [HomePhoneNumber], [MobilePhoneNumber], [AvatarImageUrl], [CustomerId], [DepartmentId], [GenderId], [CreationDate], [CreationPersonelId], [UpdatedDate], [UpdatedPersonelId], [IsActive], [IsDeleted]) VALUES (19, N'ERMAN KÖSE', NULL, N'erman_kose@yahoo.com.tr', N'0446 226 66 66', N'0553 329 85 99', NULL, 183, 4, 1, CAST(0x0000A33D00215D34 AS DateTime), 1, NULL, NULL, 1, 0)
INSERT [dbo].[Communications] ([Id], [FirstName], [LastName], [Email], [HomePhoneNumber], [MobilePhoneNumber], [AvatarImageUrl], [CustomerId], [DepartmentId], [GenderId], [CreationDate], [CreationPersonelId], [UpdatedDate], [UpdatedPersonelId], [IsActive], [IsDeleted]) VALUES (20, N'SEVDA TORUN', NULL, N'', N'0312 294 21 41', N'', NULL, 180, 4, 1, CAST(0x0000A33D00215D34 AS DateTime), 1, NULL, NULL, 1, 0)
INSERT [dbo].[Communications] ([Id], [FirstName], [LastName], [Email], [HomePhoneNumber], [MobilePhoneNumber], [AvatarImageUrl], [CustomerId], [DepartmentId], [GenderId], [CreationDate], [CreationPersonelId], [UpdatedDate], [UpdatedPersonelId], [IsActive], [IsDeleted]) VALUES (21, N'HASAN GÜNASLAN', NULL, N'hasan.gunaslan@mikes.com.tr', N'0312 847 51 00', N'0544 504 06 55', NULL, 200, 4, 1, CAST(0x0000A33D00215D34 AS DateTime), 1, NULL, NULL, 1, 0)
INSERT [dbo].[Communications] ([Id], [FirstName], [LastName], [Email], [HomePhoneNumber], [MobilePhoneNumber], [AvatarImageUrl], [CustomerId], [DepartmentId], [GenderId], [CreationDate], [CreationPersonelId], [UpdatedDate], [UpdatedPersonelId], [IsActive], [IsDeleted]) VALUES (22, N'HAYDAR ARICI', NULL, N'harici@oyaksgs.com.tr', N'0312 287 56 56', N'0530 265 39 24', NULL, 207, 4, 1, CAST(0x0000A33D00215D34 AS DateTime), 1, NULL, NULL, 1, 0)
INSERT [dbo].[Communications] ([Id], [FirstName], [LastName], [Email], [HomePhoneNumber], [MobilePhoneNumber], [AvatarImageUrl], [CustomerId], [DepartmentId], [GenderId], [CreationDate], [CreationPersonelId], [UpdatedDate], [UpdatedPersonelId], [IsActive], [IsDeleted]) VALUES (23, N'', NULL, N'', N'0312 305 10 70  71', N'', NULL, 187, 4, 1, CAST(0x0000A33D00215D34 AS DateTime), 1, NULL, NULL, 1, 0)
INSERT [dbo].[Communications] ([Id], [FirstName], [LastName], [Email], [HomePhoneNumber], [MobilePhoneNumber], [AvatarImageUrl], [CustomerId], [DepartmentId], [GenderId], [CreationDate], [CreationPersonelId], [UpdatedDate], [UpdatedPersonelId], [IsActive], [IsDeleted]) VALUES (24, N'EMÝN AKANT', NULL, N'eakant@thk.edu.tr', N'', N'0532 427 20 81', NULL, 220, 4, 1, CAST(0x0000A33D00215D34 AS DateTime), 1, NULL, NULL, 1, 0)
INSERT [dbo].[Communications] ([Id], [FirstName], [LastName], [Email], [HomePhoneNumber], [MobilePhoneNumber], [AvatarImageUrl], [CustomerId], [DepartmentId], [GenderId], [CreationDate], [CreationPersonelId], [UpdatedDate], [UpdatedPersonelId], [IsActive], [IsDeleted]) VALUES (25, N'UTKU SÜSLÜ', NULL, N'bim@ttk.gov.tr', N'0312 310 23 68  207', N'0505 787 57 45', NULL, 219, 4, 1, CAST(0x0000A33D00215D34 AS DateTime), 1, NULL, NULL, 1, 0)
INSERT [dbo].[Communications] ([Id], [FirstName], [LastName], [Email], [HomePhoneNumber], [MobilePhoneNumber], [AvatarImageUrl], [CustomerId], [DepartmentId], [GenderId], [CreationDate], [CreationPersonelId], [UpdatedDate], [UpdatedPersonelId], [IsActive], [IsDeleted]) VALUES (26, N'GÜNBEY EROÐLU', NULL, N'', N'0312 509 45 00', N'', NULL, 214, 4, 1, CAST(0x0000A33D00215D34 AS DateTime), 1, NULL, NULL, 1, 0)
INSERT [dbo].[Communications] ([Id], [FirstName], [LastName], [Email], [HomePhoneNumber], [MobilePhoneNumber], [AvatarImageUrl], [CustomerId], [DepartmentId], [GenderId], [CreationDate], [CreationPersonelId], [UpdatedDate], [UpdatedPersonelId], [IsActive], [IsDeleted]) VALUES (27, N'EREN KÜREN', NULL, N'ekuren@eul.edu.tr', N'', N'0548 810 24 35', NULL, 195, 4, 1, CAST(0x0000A33D00215D34 AS DateTime), 1, NULL, NULL, 1, 0)
INSERT [dbo].[Communications] ([Id], [FirstName], [LastName], [Email], [HomePhoneNumber], [MobilePhoneNumber], [AvatarImageUrl], [CustomerId], [DepartmentId], [GenderId], [CreationDate], [CreationPersonelId], [UpdatedDate], [UpdatedPersonelId], [IsActive], [IsDeleted]) VALUES (28, N'ERDEM YAVUZ', NULL, N'erdem.yavuz@karatay.edu.tr', N'0332 221 72 73', N'0506 977 13 40', NULL, 197, 4, 1, CAST(0x0000A33D00215D34 AS DateTime), 1, NULL, NULL, 1, 0)
INSERT [dbo].[Communications] ([Id], [FirstName], [LastName], [Email], [HomePhoneNumber], [MobilePhoneNumber], [AvatarImageUrl], [CustomerId], [DepartmentId], [GenderId], [CreationDate], [CreationPersonelId], [UpdatedDate], [UpdatedPersonelId], [IsActive], [IsDeleted]) VALUES (29, N'RIDVAN KILIÇ', NULL, N'ridvan@cankaya.edu.tr', N'0312  233 10 33', N'', NULL, 175, 4, 1, CAST(0x0000A33D00215D34 AS DateTime), 1, NULL, NULL, 1, 0)
INSERT [dbo].[Communications] ([Id], [FirstName], [LastName], [Email], [HomePhoneNumber], [MobilePhoneNumber], [AvatarImageUrl], [CustomerId], [DepartmentId], [GenderId], [CreationDate], [CreationPersonelId], [UpdatedDate], [UpdatedPersonelId], [IsActive], [IsDeleted]) VALUES (30, N'CENGÝZ ÇOÞKUN', NULL, N'coskun.cengiz@ege.edu.tr', N'', N'0505 529 90 43', NULL, 179, 3, 1, CAST(0x0000A33D0021ED8A AS DateTime), 1, NULL, NULL, 1, 0)
INSERT [dbo].[Communications] ([Id], [FirstName], [LastName], [Email], [HomePhoneNumber], [MobilePhoneNumber], [AvatarImageUrl], [CustomerId], [DepartmentId], [GenderId], [CreationDate], [CreationPersonelId], [UpdatedDate], [UpdatedPersonelId], [IsActive], [IsDeleted]) VALUES (31, N'SEYFETTÝN VURAN', NULL, N'svuran@dicle.edu.tr', N'', N'0533 395 16 09', NULL, 178, 3, 1, CAST(0x0000A33D0021ED8A AS DateTime), 1, NULL, NULL, 1, 0)
INSERT [dbo].[Communications] ([Id], [FirstName], [LastName], [Email], [HomePhoneNumber], [MobilePhoneNumber], [AvatarImageUrl], [CustomerId], [DepartmentId], [GenderId], [CreationDate], [CreationPersonelId], [UpdatedDate], [UpdatedPersonelId], [IsActive], [IsDeleted]) VALUES (32, N'CANAN DURAN', NULL, N'zcananduran@gmail.com', N'0312 204 50 00', N'0533 523 24 76', NULL, 144, 3, 1, CAST(0x0000A33D0021ED8A AS DateTime), 1, NULL, NULL, 1, 0)
INSERT [dbo].[Communications] ([Id], [FirstName], [LastName], [Email], [HomePhoneNumber], [MobilePhoneNumber], [AvatarImageUrl], [CustomerId], [DepartmentId], [GenderId], [CreationDate], [CreationPersonelId], [UpdatedDate], [UpdatedPersonelId], [IsActive], [IsDeleted]) VALUES (33, N'FATÝH ÝSKENDER', NULL, N'fatih.iskender@bilgi.edu.tr', N'0212 311 73 97', N'5327118946', NULL, 167, 3, 1, CAST(0x0000A33D0021ED8A AS DateTime), 1, NULL, NULL, 1, 0)
INSERT [dbo].[Communications] ([Id], [FirstName], [LastName], [Email], [HomePhoneNumber], [MobilePhoneNumber], [AvatarImageUrl], [CustomerId], [DepartmentId], [GenderId], [CreationDate], [CreationPersonelId], [UpdatedDate], [UpdatedPersonelId], [IsActive], [IsDeleted]) VALUES (34, N'SERKAN KILIÇ', NULL, N'serkan.kilic@bilgi.edu.tr', N'0212 311 63 99', N'0505 769 66 65', NULL, 231, 3, 1, CAST(0x0000A33D0021ED8A AS DateTime), 1, NULL, NULL, 1, 0)
INSERT [dbo].[Communications] ([Id], [FirstName], [LastName], [Email], [HomePhoneNumber], [MobilePhoneNumber], [AvatarImageUrl], [CustomerId], [DepartmentId], [GenderId], [CreationDate], [CreationPersonelId], [UpdatedDate], [UpdatedPersonelId], [IsActive], [IsDeleted]) VALUES (35, N'ÖMER FARUK ÇUKUR', NULL, N'omerfarukcukur@sehir.edu.tr', N'0216 559 92 92', N'0533 766 43 81', NULL, 216, 3, 1, CAST(0x0000A33D0021ED8A AS DateTime), 1, NULL, NULL, 1, 0)
INSERT [dbo].[Communications] ([Id], [FirstName], [LastName], [Email], [HomePhoneNumber], [MobilePhoneNumber], [AvatarImageUrl], [CustomerId], [DepartmentId], [GenderId], [CreationDate], [CreationPersonelId], [UpdatedDate], [UpdatedPersonelId], [IsActive], [IsDeleted]) VALUES (36, N'NADÝYE TUNA', NULL, N'nadiye.tuna@ankara.edu.tr', N'0312 310 32 80 1684', N'0532 543 79 80', NULL, 226, 3, 1, CAST(0x0000A33D0021ED8A AS DateTime), 1, NULL, NULL, 1, 0)
INSERT [dbo].[Communications] ([Id], [FirstName], [LastName], [Email], [HomePhoneNumber], [MobilePhoneNumber], [AvatarImageUrl], [CustomerId], [DepartmentId], [GenderId], [CreationDate], [CreationPersonelId], [UpdatedDate], [UpdatedPersonelId], [IsActive], [IsDeleted]) VALUES (37, N'BÝLGE GÜLER', NULL, N'gulerb@bilkent.edu.tr', N'0442 342 61 74 1135', N'5556211555', NULL, 228, 3, 1, CAST(0x0000A33D0021ED8A AS DateTime), 1, NULL, NULL, 1, 0)
INSERT [dbo].[Communications] ([Id], [FirstName], [LastName], [Email], [HomePhoneNumber], [MobilePhoneNumber], [AvatarImageUrl], [CustomerId], [DepartmentId], [GenderId], [CreationDate], [CreationPersonelId], [UpdatedDate], [UpdatedPersonelId], [IsActive], [IsDeleted]) VALUES (38, N'ADEM ESÝN', NULL, N'ademesin@gmail.com', N'Sabiti yok.', N'0506 210 20 13', NULL, 232, 3, 1, CAST(0x0000A33D0021ED8A AS DateTime), 1, NULL, NULL, 1, 0)
INSERT [dbo].[Communications] ([Id], [FirstName], [LastName], [Email], [HomePhoneNumber], [MobilePhoneNumber], [AvatarImageUrl], [CustomerId], [DepartmentId], [GenderId], [CreationDate], [CreationPersonelId], [UpdatedDate], [UpdatedPersonelId], [IsActive], [IsDeleted]) VALUES (39, N'YUSUF YALÇIN', NULL, N'yusuf.yalcin@izmir.edu.tr', N'0232  246  49  49', N'0555 453 32 54', NULL, 230, 3, 1, CAST(0x0000A33D0021ED8A AS DateTime), 1, NULL, NULL, 1, 0)
INSERT [dbo].[Communications] ([Id], [FirstName], [LastName], [Email], [HomePhoneNumber], [MobilePhoneNumber], [AvatarImageUrl], [CustomerId], [DepartmentId], [GenderId], [CreationDate], [CreationPersonelId], [UpdatedDate], [UpdatedPersonelId], [IsActive], [IsDeleted]) VALUES (40, N'CEMAL SARIDOÐAR', NULL, N'csdogar@sinop.edu.tr', N'0368 271 57 79', N'0530 920 80 99', NULL, 215, 3, 1, CAST(0x0000A33D0021ED8A AS DateTime), 1, NULL, NULL, 1, 0)
INSERT [dbo].[Communications] ([Id], [FirstName], [LastName], [Email], [HomePhoneNumber], [MobilePhoneNumber], [AvatarImageUrl], [CustomerId], [DepartmentId], [GenderId], [CreationDate], [CreationPersonelId], [UpdatedDate], [UpdatedPersonelId], [IsActive], [IsDeleted]) VALUES (41, N'HAMÝDE ÇAKIR', NULL, N'hamidecakir@hotmail.com', N'0212 518 10 47', N'0536 976 59 05', NULL, 206, 3, 1, CAST(0x0000A33D0021ED8A AS DateTime), 1, NULL, NULL, 1, 0)
INSERT [dbo].[Communications] ([Id], [FirstName], [LastName], [Email], [HomePhoneNumber], [MobilePhoneNumber], [AvatarImageUrl], [CustomerId], [DepartmentId], [GenderId], [CreationDate], [CreationPersonelId], [UpdatedDate], [UpdatedPersonelId], [IsActive], [IsDeleted]) VALUES (42, N'BAYRAM DUMAN', NULL, N'bayramduman06@hotmail.com', N'Sabiti yok.', N'0541 686 24 65', NULL, 173, 3, 1, CAST(0x0000A33D0021ED8A AS DateTime), 1, NULL, NULL, 1, 0)
INSERT [dbo].[Communications] ([Id], [FirstName], [LastName], [Email], [HomePhoneNumber], [MobilePhoneNumber], [AvatarImageUrl], [CustomerId], [DepartmentId], [GenderId], [CreationDate], [CreationPersonelId], [UpdatedDate], [UpdatedPersonelId], [IsActive], [IsDeleted]) VALUES (43, N'CAHÝT BEY', NULL, N'cahitcifci@artvin.edu.tr', N'', N'0532 618 46 06', NULL, 161, 3, 1, CAST(0x0000A33D0021ED8A AS DateTime), 1, NULL, NULL, 1, 0)
INSERT [dbo].[Communications] ([Id], [FirstName], [LastName], [Email], [HomePhoneNumber], [MobilePhoneNumber], [AvatarImageUrl], [CustomerId], [DepartmentId], [GenderId], [CreationDate], [CreationPersonelId], [UpdatedDate], [UpdatedPersonelId], [IsActive], [IsDeleted]) VALUES (44, N'ALÝ ÖZKÝLÝÞÇÝ', NULL, N'aozkilisci@meliksah.edu.tr', N'0352 207 73 00', N'0507 346 27 78', NULL, 198, 3, 1, CAST(0x0000A33D0021ED8A AS DateTime), 1, NULL, NULL, 1, 0)
INSERT [dbo].[Communications] ([Id], [FirstName], [LastName], [Email], [HomePhoneNumber], [MobilePhoneNumber], [AvatarImageUrl], [CustomerId], [DepartmentId], [GenderId], [CreationDate], [CreationPersonelId], [UpdatedDate], [UpdatedPersonelId], [IsActive], [IsDeleted]) VALUES (45, N'TURGAY KOÇAK', NULL, N'turgay.kocak@danistay.gov.tr', N'0312 253 10 53', N'0542 688 59 91', NULL, 176, 3, 1, CAST(0x0000A33D0021ED8A AS DateTime), 1, NULL, NULL, 1, 0)
INSERT [dbo].[Communications] ([Id], [FirstName], [LastName], [Email], [HomePhoneNumber], [MobilePhoneNumber], [AvatarImageUrl], [CustomerId], [DepartmentId], [GenderId], [CreationDate], [CreationPersonelId], [UpdatedDate], [UpdatedPersonelId], [IsActive], [IsDeleted]) VALUES (46, N'MAHMUT BEY', NULL, N'mahmutkarakus@karabuk.edu.tr', N'0270 433 44 13  2531', N'0539 380 91 84', NULL, 193, 3, 1, CAST(0x0000A33D0021ED8A AS DateTime), 1, NULL, NULL, 1, 0)
INSERT [dbo].[Communications] ([Id], [FirstName], [LastName], [Email], [HomePhoneNumber], [MobilePhoneNumber], [AvatarImageUrl], [CustomerId], [DepartmentId], [GenderId], [CreationDate], [CreationPersonelId], [UpdatedDate], [UpdatedPersonelId], [IsActive], [IsDeleted]) VALUES (47, N'YASEMÝN SAÐLAYAN', NULL, N'ysaglayan@mfa.gov.tr', N'0312 253 40 08', N'YERÝNDE YOK', NULL, 177, 3, 1, CAST(0x0000A33D0021ED8A AS DateTime), 1, NULL, NULL, 1, 0)
INSERT [dbo].[Communications] ([Id], [FirstName], [LastName], [Email], [HomePhoneNumber], [MobilePhoneNumber], [AvatarImageUrl], [CustomerId], [DepartmentId], [GenderId], [CreationDate], [CreationPersonelId], [UpdatedDate], [UpdatedPersonelId], [IsActive], [IsDeleted]) VALUES (48, N'SERHAN SAYLAÇ', NULL, N'serhansaylac@gmail.com', N'', N'0535 294 01 23', NULL, 182, 3, 1, CAST(0x0000A33D0021ED8A AS DateTime), 1, NULL, NULL, 1, 0)
INSERT [dbo].[Communications] ([Id], [FirstName], [LastName], [Email], [HomePhoneNumber], [MobilePhoneNumber], [AvatarImageUrl], [CustomerId], [DepartmentId], [GenderId], [CreationDate], [CreationPersonelId], [UpdatedDate], [UpdatedPersonelId], [IsActive], [IsDeleted]) VALUES (49, N'FATÝH TUNCEZ', NULL, N'fatih.tuncez@ikc.edu.tr', N'0232 329 35 35  1109', N'0532 780 33 47', NULL, 191, 3, 1, CAST(0x0000A33D0021ED8A AS DateTime), 1, NULL, NULL, 1, 0)
INSERT [dbo].[Communications] ([Id], [FirstName], [LastName], [Email], [HomePhoneNumber], [MobilePhoneNumber], [AvatarImageUrl], [CustomerId], [DepartmentId], [GenderId], [CreationDate], [CreationPersonelId], [UpdatedDate], [UpdatedPersonelId], [IsActive], [IsDeleted]) VALUES (50, N'HÝLAL ÇUHADAR', NULL, N'hilal_cuhadar@hotmail.com', N'0212 872 28 00  6699', N'0533 556 29 88', NULL, 166, 3, 1, CAST(0x0000A33D0021ED8A AS DateTime), 1, NULL, NULL, 1, 0)
INSERT [dbo].[Communications] ([Id], [FirstName], [LastName], [Email], [HomePhoneNumber], [MobilePhoneNumber], [AvatarImageUrl], [CustomerId], [DepartmentId], [GenderId], [CreationDate], [CreationPersonelId], [UpdatedDate], [UpdatedPersonelId], [IsActive], [IsDeleted]) VALUES (51, N'Merkez', NULL, N'', N'0312 324 15 55', N'', NULL, 225, 3, 1, CAST(0x0000A33D0021ED8A AS DateTime), 1, NULL, NULL, 1, 0)
INSERT [dbo].[Communications] ([Id], [FirstName], [LastName], [Email], [HomePhoneNumber], [MobilePhoneNumber], [AvatarImageUrl], [CustomerId], [DepartmentId], [GenderId], [CreationDate], [CreationPersonelId], [UpdatedDate], [UpdatedPersonelId], [IsActive], [IsDeleted]) VALUES (52, N'ÞAFAK HANIM', NULL, N'satak@ankara.edu.tr', N'0312 363 33 50', N'0533 160 88 18', NULL, 146, 3, 1, CAST(0x0000A33D0021ED8A AS DateTime), 1, NULL, NULL, 1, 0)
INSERT [dbo].[Communications] ([Id], [FirstName], [LastName], [Email], [HomePhoneNumber], [MobilePhoneNumber], [AvatarImageUrl], [CustomerId], [DepartmentId], [GenderId], [CreationDate], [CreationPersonelId], [UpdatedDate], [UpdatedPersonelId], [IsActive], [IsDeleted]) VALUES (53, N'ABÝDÝN ÇELÝK', NULL, N'abidin_celik@hotmail.com', N'', N'0539 348 29 54', NULL, 194, 3, 1, CAST(0x0000A33D0021ED8A AS DateTime), 1, NULL, NULL, 1, 0)
INSERT [dbo].[Communications] ([Id], [FirstName], [LastName], [Email], [HomePhoneNumber], [MobilePhoneNumber], [AvatarImageUrl], [CustomerId], [DepartmentId], [GenderId], [CreationDate], [CreationPersonelId], [UpdatedDate], [UpdatedPersonelId], [IsActive], [IsDeleted]) VALUES (54, N'OSMAN KOÇ', NULL, N'MAÝLÝ YOKMUÞ HENÜZ. ARAYIP SÖYLEYECEK', N'', N'0505 352 90 05', NULL, 212, 3, 1, CAST(0x0000A33D0021ED8A AS DateTime), 1, NULL, NULL, 1, 0)
INSERT [dbo].[Communications] ([Id], [FirstName], [LastName], [Email], [HomePhoneNumber], [MobilePhoneNumber], [AvatarImageUrl], [CustomerId], [DepartmentId], [GenderId], [CreationDate], [CreationPersonelId], [UpdatedDate], [UpdatedPersonelId], [IsActive], [IsDeleted]) VALUES (55, N'ERCÜMENT DEMÝRBOZAN', NULL, N'ercument.demirbozan@antalya.edu.tr', N'', N'0553 239 04 73', NULL, 222, 3, 1, CAST(0x0000A33D0021ED8A AS DateTime), 1, NULL, NULL, 1, 0)
INSERT [dbo].[Communications] ([Id], [FirstName], [LastName], [Email], [HomePhoneNumber], [MobilePhoneNumber], [AvatarImageUrl], [CustomerId], [DepartmentId], [GenderId], [CreationDate], [CreationPersonelId], [UpdatedDate], [UpdatedPersonelId], [IsActive], [IsDeleted]) VALUES (56, N'ÖZGE BAYKAL', NULL, N'ozge.baykal@batman.edu.tr', N'', N'0545 393 44 66', NULL, 165, 3, 1, CAST(0x0000A33D0021ED8A AS DateTime), 1, NULL, NULL, 1, 0)
INSERT [dbo].[Communications] ([Id], [FirstName], [LastName], [Email], [HomePhoneNumber], [MobilePhoneNumber], [AvatarImageUrl], [CustomerId], [DepartmentId], [GenderId], [CreationDate], [CreationPersonelId], [UpdatedDate], [UpdatedPersonelId], [IsActive], [IsDeleted]) VALUES (57, N'SEDA KASKAVAL', NULL, N'sedakaskaval@trakya.edu.tr', N'0284 235 40 13', N'0545 373 95 75', NULL, 218, 3, 1, CAST(0x0000A33D0021ED8A AS DateTime), 1, NULL, NULL, 1, 0)
INSERT [dbo].[Communications] ([Id], [FirstName], [LastName], [Email], [HomePhoneNumber], [MobilePhoneNumber], [AvatarImageUrl], [CustomerId], [DepartmentId], [GenderId], [CreationDate], [CreationPersonelId], [UpdatedDate], [UpdatedPersonelId], [IsActive], [IsDeleted]) VALUES (58, N'ENGÝN DAYAN', NULL, N'engin.dayan@igdir.com.tr', N'0476 226 13 00', N'0544 447 57 49', NULL, 188, 3, 1, CAST(0x0000A33D0021ED8A AS DateTime), 1, NULL, NULL, 1, 0)
INSERT [dbo].[Communications] ([Id], [FirstName], [LastName], [Email], [HomePhoneNumber], [MobilePhoneNumber], [AvatarImageUrl], [CustomerId], [DepartmentId], [GenderId], [CreationDate], [CreationPersonelId], [UpdatedDate], [UpdatedPersonelId], [IsActive], [IsDeleted]) VALUES (59, N'ÞADÝYE ÞAHÝN', NULL, N'snsahin@btk.gov.tr', N'0312 294 70 68', N'0507 277 15 44', NULL, 168, 3, 1, CAST(0x0000A33D0021ED8A AS DateTime), 1, NULL, NULL, 1, 0)
INSERT [dbo].[Communications] ([Id], [FirstName], [LastName], [Email], [HomePhoneNumber], [MobilePhoneNumber], [AvatarImageUrl], [CustomerId], [DepartmentId], [GenderId], [CreationDate], [CreationPersonelId], [UpdatedDate], [UpdatedPersonelId], [IsActive], [IsDeleted]) VALUES (60, N'CANSU GÖKER', NULL, N'cgoker@hotmail.com', N'0312 508 53 67', N'0542 518 79 97', NULL, 145, 3, 1, CAST(0x0000A33D0021ED8A AS DateTime), 1, NULL, NULL, 1, 0)
INSERT [dbo].[Communications] ([Id], [FirstName], [LastName], [Email], [HomePhoneNumber], [MobilePhoneNumber], [AvatarImageUrl], [CustomerId], [DepartmentId], [GenderId], [CreationDate], [CreationPersonelId], [UpdatedDate], [UpdatedPersonelId], [IsActive], [IsDeleted]) VALUES (61, N'FERDA MÜCAHÝTOÐLU', NULL, N'smoglu65@hotmail.com', N'', N'0506 371 47 89', NULL, 223, 3, 1, CAST(0x0000A33D0021ED8A AS DateTime), 1, NULL, NULL, 1, 0)
INSERT [dbo].[Communications] ([Id], [FirstName], [LastName], [Email], [HomePhoneNumber], [MobilePhoneNumber], [AvatarImageUrl], [CustomerId], [DepartmentId], [GenderId], [CreationDate], [CreationPersonelId], [UpdatedDate], [UpdatedPersonelId], [IsActive], [IsDeleted]) VALUES (62, N'HATÝCE HANIM', NULL, N'haticegumus@bornova.bel.tr', N'', N'0535 705 08 14', NULL, 227, 3, 1, CAST(0x0000A33D0021ED8A AS DateTime), 1, NULL, NULL, 1, 0)
INSERT [dbo].[Communications] ([Id], [FirstName], [LastName], [Email], [HomePhoneNumber], [MobilePhoneNumber], [AvatarImageUrl], [CustomerId], [DepartmentId], [GenderId], [CreationDate], [CreationPersonelId], [UpdatedDate], [UpdatedPersonelId], [IsActive], [IsDeleted]) VALUES (63, N'YUSUF YEÞÝLYURT', NULL, N'yusuf.yesilyurt@btu.edu.tr', N'0224 314 16 39', N'0538 888 57 37', NULL, 172, 3, 1, CAST(0x0000A33D0021ED8A AS DateTime), 1, NULL, NULL, 1, 0)
INSERT [dbo].[Communications] ([Id], [FirstName], [LastName], [Email], [HomePhoneNumber], [MobilePhoneNumber], [AvatarImageUrl], [CustomerId], [DepartmentId], [GenderId], [CreationDate], [CreationPersonelId], [UpdatedDate], [UpdatedPersonelId], [IsActive], [IsDeleted]) VALUES (64, N'MERAL YILMAZ', NULL, N'meral.yilmaz@msgsu.edu.tr', N'0212 246 00 11  5851', N'0535 272 46 88', NULL, 229, 3, 1, CAST(0x0000A33D0021ED8A AS DateTime), 1, NULL, NULL, 1, 0)
INSERT [dbo].[Communications] ([Id], [FirstName], [LastName], [Email], [HomePhoneNumber], [MobilePhoneNumber], [AvatarImageUrl], [CustomerId], [DepartmentId], [GenderId], [CreationDate], [CreationPersonelId], [UpdatedDate], [UpdatedPersonelId], [IsActive], [IsDeleted]) VALUES (65, N'EMRAH BEY', NULL, N'etasan@aselsan.com.tr', N'', N'0545 340 66 04', NULL, 162, 3, 1, CAST(0x0000A33D0021ED8A AS DateTime), 1, NULL, NULL, 1, 0)
INSERT [dbo].[Communications] ([Id], [FirstName], [LastName], [Email], [HomePhoneNumber], [MobilePhoneNumber], [AvatarImageUrl], [CustomerId], [DepartmentId], [GenderId], [CreationDate], [CreationPersonelId], [UpdatedDate], [UpdatedPersonelId], [IsActive], [IsDeleted]) VALUES (66, N'GÜLSEN BUDAK', NULL, N'gbudak@erzincan.edu.tr  
kutuphane@erzincan.edu.tr', N'', N'0544 436 05 75', NULL, 183, 3, 1, CAST(0x0000A33D0021ED8A AS DateTime), 1, NULL, NULL, 1, 0)
INSERT [dbo].[Communications] ([Id], [FirstName], [LastName], [Email], [HomePhoneNumber], [MobilePhoneNumber], [AvatarImageUrl], [CustomerId], [DepartmentId], [GenderId], [CreationDate], [CreationPersonelId], [UpdatedDate], [UpdatedPersonelId], [IsActive], [IsDeleted]) VALUES (67, N'FARUK BODÝR', NULL, N'f.bodir@alparslan.edu.tr', N'', N'0542 385 13 89', NULL, 203, 3, 1, CAST(0x0000A33D0021ED8A AS DateTime), 1, NULL, NULL, 1, 0)
INSERT [dbo].[Communications] ([Id], [FirstName], [LastName], [Email], [HomePhoneNumber], [MobilePhoneNumber], [AvatarImageUrl], [CustomerId], [DepartmentId], [GenderId], [CreationDate], [CreationPersonelId], [UpdatedDate], [UpdatedPersonelId], [IsActive], [IsDeleted]) VALUES (68, N'HAKAN GÜN', NULL, N'hakangun@etimaden.gov.tr', N'0312 294 21 79', N'0505 460 61 64', NULL, 180, 3, 1, CAST(0x0000A33D0021ED8A AS DateTime), 1, NULL, NULL, 1, 0)
INSERT [dbo].[Communications] ([Id], [FirstName], [LastName], [Email], [HomePhoneNumber], [MobilePhoneNumber], [AvatarImageUrl], [CustomerId], [DepartmentId], [GenderId], [CreationDate], [CreationPersonelId], [UpdatedDate], [UpdatedPersonelId], [IsActive], [IsDeleted]) VALUES (69, N'MURAT TEYMUR', NULL, N'murat@odu.edu.tr', N'SABÝT YOK', N'0554 225 92 10', NULL, 205, 3, 1, CAST(0x0000A33D0021ED8A AS DateTime), 1, NULL, NULL, 1, 0)
INSERT [dbo].[Communications] ([Id], [FirstName], [LastName], [Email], [HomePhoneNumber], [MobilePhoneNumber], [AvatarImageUrl], [CustomerId], [DepartmentId], [GenderId], [CreationDate], [CreationPersonelId], [UpdatedDate], [UpdatedPersonelId], [IsActive], [IsDeleted]) VALUES (70, N'CEM DEMÝRSOY', NULL, N'cemd@metu.edu.tr', N'0392 661 20 83', N'0533 832 67 93', NULL, 204, 3, 1, CAST(0x0000A33D0021ED8A AS DateTime), 1, NULL, NULL, 1, 0)
INSERT [dbo].[Communications] ([Id], [FirstName], [LastName], [Email], [HomePhoneNumber], [MobilePhoneNumber], [AvatarImageUrl], [CustomerId], [DepartmentId], [GenderId], [CreationDate], [CreationPersonelId], [UpdatedDate], [UpdatedPersonelId], [IsActive], [IsDeleted]) VALUES (71, N'AYÞEN ÞAHÝN', NULL, N'aysen.sahin@hacettepe.edu.tr', N'0312 305 19 80', N'0546 657 44 45', NULL, 187, 3, 1, CAST(0x0000A33D0021ED8A AS DateTime), 1, NULL, NULL, 1, 0)
INSERT [dbo].[Communications] ([Id], [FirstName], [LastName], [Email], [HomePhoneNumber], [MobilePhoneNumber], [AvatarImageUrl], [CustomerId], [DepartmentId], [GenderId], [CreationDate], [CreationPersonelId], [UpdatedDate], [UpdatedPersonelId], [IsActive], [IsDeleted]) VALUES (72, N'SÜLEYMAN HÝÇDURMAZ', NULL, N'suleyman@etisan.com.tr', N'0312 442 42 24', N'0530 695 92 63', NULL, 186, 3, 1, CAST(0x0000A33D0021ED8A AS DateTime), 1, NULL, NULL, 1, 0)
INSERT [dbo].[Communications] ([Id], [FirstName], [LastName], [Email], [HomePhoneNumber], [MobilePhoneNumber], [AvatarImageUrl], [CustomerId], [DepartmentId], [GenderId], [CreationDate], [CreationPersonelId], [UpdatedDate], [UpdatedPersonelId], [IsActive], [IsDeleted]) VALUES (73, N'OKAN KOÇ', NULL, N'okankocbby@gmail.com', N'', N'0554 403 74 63', NULL, 143, 3, 1, CAST(0x0000A33D0021ED8A AS DateTime), 1, NULL, NULL, 1, 0)
INSERT [dbo].[Communications] ([Id], [FirstName], [LastName], [Email], [HomePhoneNumber], [MobilePhoneNumber], [AvatarImageUrl], [CustomerId], [DepartmentId], [GenderId], [CreationDate], [CreationPersonelId], [UpdatedDate], [UpdatedPersonelId], [IsActive], [IsDeleted]) VALUES (74, N'ALTUÐ TANCA', NULL, N'altug@bartin.edu.tr', N'', N'0535 360 85 15', NULL, 164, 3, 1, CAST(0x0000A33D0021ED8A AS DateTime), 1, NULL, NULL, 1, 0)
INSERT [dbo].[Communications] ([Id], [FirstName], [LastName], [Email], [HomePhoneNumber], [MobilePhoneNumber], [AvatarImageUrl], [CustomerId], [DepartmentId], [GenderId], [CreationDate], [CreationPersonelId], [UpdatedDate], [UpdatedPersonelId], [IsActive], [IsDeleted]) VALUES (75, N'ERDÝ BEY', NULL, N'ecaliskan@thk.edu.tr', N'', N'0507 667 52 08', NULL, 220, 3, 1, CAST(0x0000A33D0021ED8A AS DateTime), 1, NULL, NULL, 1, 0)
INSERT [dbo].[Communications] ([Id], [FirstName], [LastName], [Email], [HomePhoneNumber], [MobilePhoneNumber], [AvatarImageUrl], [CustomerId], [DepartmentId], [GenderId], [CreationDate], [CreationPersonelId], [UpdatedDate], [UpdatedPersonelId], [IsActive], [IsDeleted]) VALUES (76, N'DEMET AKMAN', NULL, N'dakman@ttk.gov.tr', N'', N'0535 700 71 76', NULL, 219, 3, 1, CAST(0x0000A33D0021ED8A AS DateTime), 1, NULL, NULL, 1, 0)
INSERT [dbo].[Communications] ([Id], [FirstName], [LastName], [Email], [HomePhoneNumber], [MobilePhoneNumber], [AvatarImageUrl], [CustomerId], [DepartmentId], [GenderId], [CreationDate], [CreationPersonelId], [UpdatedDate], [UpdatedPersonelId], [IsActive], [IsDeleted]) VALUES (77, N'PELÝN GENÇ', NULL, N'spgenc@ipek.edu.tr', N'0312 470 00 00 4811', N'0506 581 59 68', NULL, 190, 3, 1, CAST(0x0000A33D0021ED8A AS DateTime), 1, NULL, NULL, 1, 0)
INSERT [dbo].[Communications] ([Id], [FirstName], [LastName], [Email], [HomePhoneNumber], [MobilePhoneNumber], [AvatarImageUrl], [CustomerId], [DepartmentId], [GenderId], [CreationDate], [CreationPersonelId], [UpdatedDate], [UpdatedPersonelId], [IsActive], [IsDeleted]) VALUES (78, N'ÖMER ULUSOY', NULL, N'oulusoy@sinema.gov.tr', N'0312 509 45 72', N'0505 767 99 61', NULL, 214, 3, 1, CAST(0x0000A33D0021ED8A AS DateTime), 1, NULL, NULL, 1, 0)
INSERT [dbo].[Communications] ([Id], [FirstName], [LastName], [Email], [HomePhoneNumber], [MobilePhoneNumber], [AvatarImageUrl], [CustomerId], [DepartmentId], [GenderId], [CreationDate], [CreationPersonelId], [UpdatedDate], [UpdatedPersonelId], [IsActive], [IsDeleted]) VALUES (79, N'ALEV HANIM', NULL, N'alort@eul.edu.tr', N'0542 855 29 94', N'0548 810 21 62', NULL, 195, 3, 1, CAST(0x0000A33D0021ED8A AS DateTime), 1, NULL, NULL, 1, 0)
INSERT [dbo].[Communications] ([Id], [FirstName], [LastName], [Email], [HomePhoneNumber], [MobilePhoneNumber], [AvatarImageUrl], [CustomerId], [DepartmentId], [GenderId], [CreationDate], [CreationPersonelId], [UpdatedDate], [UpdatedPersonelId], [IsActive], [IsDeleted]) VALUES (80, N'NEJLA ÇAVUÞOÐLU', NULL, N'necla.cavusoglu@karatay.edu.tr', N'0332 221 72 72
0332 221 73 23 
0332 221 12 51', N'0541 896 54 39', NULL, 197, 3, 1, CAST(0x0000A33D0021ED8A AS DateTime), 1, NULL, NULL, 1, 0)
INSERT [dbo].[Communications] ([Id], [FirstName], [LastName], [Email], [HomePhoneNumber], [MobilePhoneNumber], [AvatarImageUrl], [CustomerId], [DepartmentId], [GenderId], [CreationDate], [CreationPersonelId], [UpdatedDate], [UpdatedPersonelId], [IsActive], [IsDeleted]) VALUES (81, N'YUDUM DÝNÇER', NULL, N'yudum@cankaya.edu.tr', N'0 312 233 11 82', N'0530 242 52 41', NULL, 175, 3, 1, CAST(0x0000A33D0021ED8A AS DateTime), 1, NULL, NULL, 1, 0)
SET IDENTITY_INSERT [dbo].[Communications] OFF
